Symbol,Quarter,Metric,Value
20MICRONS,Jun 2023,Sales,191
20MICRONS,Sep 2023,Sales,200
20MICRONS,Dec 2023,Sales,175
20MICRONS,Mar 2024,Sales,212
20MICRONS,Jun 2024,Sales,231
20MICRONS,Sep 2024,Sales,240
20MICRONS,Dec 2024,Sales,215
20MICRONS,Mar 2025,Sales,227
20MICRONS,Jun 2025,Sales,247
20MICRONS,Sep 2025,Sales,231
20MICRONS,Dec 2025,Sales,215
20MICRONS,Mar 2026,Sales,261
20MICRONS,Jun 2026,Sales,245
20MICRONS,Jun 2023,Net Profit,15
20MICRONS,Sep 2023,Net Profit,16
20MICRONS,Dec 2023,Net Profit,12
20MICRONS,Mar 2024,Net Profit,14
20MICRONS,Jun 2024,Net Profit,18
20MICRONS,Sep 2024,Net Profit,16
20MICRONS,Dec 2024,Net Profit,13
20MICRONS,Mar 2025,Net Profit,15
20MICRONS,Jun 2025,Net Profit,17
20MICRONS,Sep 2025,Net Profit,17
20MICRONS,Dec 2025,Net Profit,15
20MICRONS,Mar 2026,Net Profit,18
20MICRONS,Jun 2026,Net Profit,18
ADFFOODS,Jun 2023,Sales,112
ADFFOODS,Sep 2023,Sales,125
ADFFOODS,Dec 2023,Sales,130
ADFFOODS,Mar 2024,Sales,154
ADFFOODS,Jun 2024,Sales,122
ADFFOODS,Sep 2024,Sales,161
ADFFOODS,Dec 2024,Sales,147
ADFFOODS,Mar 2025,Sales,159
ADFFOODS,Jun 2025,Sales,133
ADFFOODS,Sep 2025,Sales,163
ADFFOODS,Dec 2025,Sales,191
ADFFOODS,Mar 2026,Sales,197
ADFFOODS,Jun 2026,Sales,167
ADFFOODS,Jun 2023,Net Profit,15
ADFFOODS,Sep 2023,Net Profit,15
ADFFOODS,Dec 2023,Net Profit,19
ADFFOODS,Mar 2024,Net Profit,25
ADFFOODS,Jun 2024,Net Profit,14
ADFFOODS,Sep 2024,Net Profit,20
ADFFOODS,Dec 2024,Net Profit,19
ADFFOODS,Mar 2025,Net Profit,16
ADFFOODS,Jun 2025,Net Profit,15
ADFFOODS,Sep 2025,Net Profit,26
ADFFOODS,Dec 2025,Net Profit,22
ADFFOODS,Mar 2026,Net Profit,26
ADFFOODS,Jun 2026,Net Profit,17
ADVENZYMES,Jun 2023,Sales,147
ADVENZYMES,Sep 2023,Sales,158
ADVENZYMES,Dec 2023,Sales,161
ADVENZYMES,Mar 2024,Sales,158
ADVENZYMES,Jun 2024,Sales,155
ADVENZYMES,Sep 2024,Sales,146
ADVENZYMES,Dec 2024,Sales,169
ADVENZYMES,Mar 2025,Sales,167
ADVENZYMES,Jun 2025,Sales,186
ADVENZYMES,Sep 2025,Sales,185
ADVENZYMES,Dec 2025,Sales,172
ADVENZYMES,Mar 2026,Sales,203
ADVENZYMES,Jun 2026,Sales,190
ADVENZYMES,Jun 2023,Net Profit,29
ADVENZYMES,Sep 2023,Net Profit,35
ADVENZYMES,Dec 2023,Net Profit,42
ADVENZYMES,Mar 2024,Net Profit,30
ADVENZYMES,Jun 2024,Net Profit,35
ADVENZYMES,Sep 2024,Net Profit,33
ADVENZYMES,Dec 2024,Net Profit,39
ADVENZYMES,Mar 2025,Net Profit,27
ADVENZYMES,Jun 2025,Net Profit,40
ADVENZYMES,Sep 2025,Net Profit,45
ADVENZYMES,Dec 2025,Net Profit,43
ADVENZYMES,Mar 2026,Net Profit,45
ADVENZYMES,Jun 2026,Net Profit,39
AKUMS,Jun 2023,Sales,970
AKUMS,Sep 2023,Sales,1181
AKUMS,Dec 2023,Sales,1083
AKUMS,Mar 2024,Sales,944
AKUMS,Jun 2024,Sales,1019
AKUMS,Sep 2024,Sales,1033
AKUMS,Dec 2024,Sales,1010
AKUMS,Mar 2025,Sales,1056
AKUMS,Jun 2025,Sales,1024
AKUMS,Sep 2025,Sales,1018
AKUMS,Dec 2025,Sales,1160
AKUMS,Mar 2026,Sales,1158
AKUMS,Jun 2026,Sales,1167
AKUMS,Jun 2023,Net Profit,-187
AKUMS,Sep 2023,Net Profit,33
AKUMS,Dec 2023,Net Profit,195
AKUMS,Mar 2024,Net Profit,-39
AKUMS,Jun 2024,Net Profit,61
AKUMS,Sep 2024,Net Profit,67
AKUMS,Dec 2024,Net Profit,66
AKUMS,Mar 2025,Net Profit,150
AKUMS,Jun 2025,Net Profit,65
AKUMS,Sep 2025,Net Profit,43
AKUMS,Dec 2025,Net Profit,68
AKUMS,Mar 2026,Net Profit,81
AKUMS,Jun 2026,Net Profit,101
ANURAS,Jun 2023,Sales,386
ANURAS,Sep 2023,Sales,392
ANURAS,Dec 2023,Sales,296
ANURAS,Mar 2024,Sales,401
ANURAS,Jun 2024,Sales,254
ANURAS,Sep 2024,Sales,294
ANURAS,Dec 2024,Sales,390
ANURAS,Mar 2025,Sales,500
ANURAS,Jun 2025,Sales,486
ANURAS,Sep 2025,Sales,731
ANURAS,Dec 2025,Sales,512
ANURAS,Mar 2026,Sales,636
ANURAS,Jun 2026,Sales,655
ANURAS,Jun 2023,Net Profit,52
ANURAS,Sep 2023,Net Profit,49
ANURAS,Dec 2023,Net Profit,26
ANURAS,Mar 2024,Net Profit,40
ANURAS,Jun 2024,Net Profit,12
ANURAS,Sep 2024,Net Profit,31
ANURAS,Dec 2024,Net Profit,54
ANURAS,Mar 2025,Net Profit,63
ANURAS,Jun 2025,Net Profit,48
ANURAS,Sep 2025,Net Profit,57
ANURAS,Dec 2025,Net Profit,61
ANURAS,Mar 2026,Net Profit,56
ANURAS,Jun 2026,Net Profit,51
ARIS,Mar 2024,Sales,206
ARIS,Jun 2024,Sales,190
ARIS,Sep 2024,Sales,174
ARIS,Dec 2024,Sales,182
ARIS,Mar 2025,Sales,221
ARIS,Jun 2025,Sales,212
ARIS,Sep 2025,Sales,241
ARIS,Dec 2025,Sales,271
ARIS,Mar 2026,Sales,343
ARIS,Jun 2026,Sales,291
ARIS,Mar 2024,Net Profit,-18
ARIS,Jun 2024,Net Profit,6
ARIS,Sep 2024,Net Profit,-2
ARIS,Dec 2024,Net Profit,2
ARIS,Mar 2025,Net Profit,-1
ARIS,Jun 2025,Net Profit,5
ARIS,Sep 2025,Net Profit,15
ARIS,Dec 2025,Net Profit,18
ARIS,Mar 2026,Net Profit,22
ARIS,Jun 2026,Net Profit,20
ARSSBL,Jun 2024,Sales,211
ARSSBL,Sep 2024,Sales,231
ARSSBL,Dec 2024,Sales,204
ARSSBL,Mar 2025,Sales,200
ARSSBL,Jun 2025,Sales,201
ARSSBL,Sep 2025,Sales,227
ARSSBL,Dec 2025,Sales,248
ARSSBL,Mar 2026,Sales,256
ARSSBL,Jun 2026,Sales,246
ARSSBL,Jun 2024,Net Profit,31
ARSSBL,Sep 2024,Net Profit,33
ARSSBL,Dec 2024,Net Profit,22
ARSSBL,Mar 2025,Net Profit,18
ARSSBL,Jun 2025,Net Profit,23
ARSSBL,Sep 2025,Net Profit,28
ARSSBL,Dec 2025,Net Profit,37
ARSSBL,Mar 2026,Net Profit,42
ARSSBL,Jun 2026,Net Profit,23
ASHOKA,Jun 2023,Sales,1935
ASHOKA,Sep 2023,Sales,2154
ASHOKA,Dec 2023,Sales,2657
ASHOKA,Mar 2024,Sales,3052
ASHOKA,Jun 2024,Sales,2465
ASHOKA,Sep 2024,Sales,2489
ASHOKA,Dec 2024,Sales,2388
ASHOKA,Mar 2025,Sales,2694
ASHOKA,Jun 2025,Sales,1887
ASHOKA,Sep 2025,Sales,1851
ASHOKA,Dec 2025,Sales,1827
ASHOKA,Mar 2026,Sales,1954
ASHOKA,Jun 2026,Sales,1500
ASHOKA,Jun 2023,Net Profit,72
ASHOKA,Sep 2023,Net Profit,119
ASHOKA,Dec 2023,Net Profit,99
ASHOKA,Mar 2024,Net Profit,254
ASHOKA,Jun 2024,Net Profit,158
ASHOKA,Sep 2024,Net Profit,462
ASHOKA,Dec 2024,Net Profit,662
ASHOKA,Mar 2025,Net Profit,452
ASHOKA,Jun 2025,Net Profit,227
ASHOKA,Sep 2025,Net Profit,91
ASHOKA,Dec 2025,Net Profit,2111
ASHOKA,Mar 2026,Net Profit,147
ASHOKA,Jun 2026,Net Profit,127
ASIANTILES,Jun 2023,Sales,334.80
ASIANTILES,Sep 2023,Sales,400.93
ASIANTILES,Dec 2023,Sales,371.23
ASIANTILES,Mar 2024,Sales,423.63
ASIANTILES,Jun 2024,Sales,360.08
ASIANTILES,Sep 2024,Sales,383.68
ASIANTILES,Dec 2024,Sales,366.09
ASIANTILES,Mar 2025,Sales,514.77
ASIANTILES,Jun 2025,Sales,388.24
ASIANTILES,Sep 2025,Sales,406.92
ASIANTILES,Dec 2025,Sales,461.66
ASIANTILES,Mar 2026,Sales,538.50
ASIANTILES,Jun 2026,Sales,530.95
ASIANTILES,Jun 2023,Net Profit,-3.54
ASIANTILES,Sep 2023,Net Profit,-2.80
ASIANTILES,Dec 2023,Net Profit,-8.10
ASIANTILES,Mar 2024,Net Profit,-5.47
ASIANTILES,Jun 2024,Net Profit,-1.67
ASIANTILES,Sep 2024,Net Profit,4.69
ASIANTILES,Dec 2024,Net Profit,-4.09
ASIANTILES,Mar 2025,Net Profit,-4.87
ASIANTILES,Jun 2025,Net Profit,7.24
ASIANTILES,Sep 2025,Net Profit,16.71
ASIANTILES,Dec 2025,Net Profit,18.96
ASIANTILES,Mar 2026,Net Profit,-32.67
ASIANTILES,Jun 2026,Net Profit,8.07
ATLANTAELE,Jun 2024,Sales,300
ATLANTAELE,Sep 2024,Sales,270
ATLANTAELE,Dec 2024,Sales,263
ATLANTAELE,Mar 2025,Sales,411
ATLANTAELE,Jun 2025,Sales,315
ATLANTAELE,Sep 2025,Sales,317
ATLANTAELE,Dec 2025,Sales,472
ATLANTAELE,Mar 2026,Sales,748
ATLANTAELE,Jun 2026,Sales,466
ATLANTAELE,Jun 2024,Net Profit,25
ATLANTAELE,Sep 2024,Net Profit,27
ATLANTAELE,Dec 2024,Net Profit,22
ATLANTAELE,Mar 2025,Net Profit,45
ATLANTAELE,Jun 2025,Net Profit,31
ATLANTAELE,Sep 2025,Net Profit,25
ATLANTAELE,Dec 2025,Net Profit,43
ATLANTAELE,Mar 2026,Net Profit,102
ATLANTAELE,Jun 2026,Net Profit,47
AURUM,Jun 2023,Sales,44
AURUM,Sep 2023,Sales,53
AURUM,Dec 2023,Sales,57
AURUM,Mar 2024,Sales,60
AURUM,Jun 2024,Sales,65
AURUM,Sep 2024,Sales,64
AURUM,Dec 2024,Sales,65
AURUM,Mar 2025,Sales,68
AURUM,Jun 2025,Sales,65
AURUM,Sep 2025,Sales,82
AURUM,Dec 2025,Sales,112
AURUM,Mar 2026,Sales,124
AURUM,Jun 2026,Sales,112
AURUM,Jun 2023,Net Profit,-16
AURUM,Sep 2023,Net Profit,-24
AURUM,Dec 2023,Net Profit,-21
AURUM,Mar 2024,Net Profit,-5
AURUM,Jun 2024,Net Profit,-11
AURUM,Sep 2024,Net Profit,-12
AURUM,Dec 2024,Net Profit,-9
AURUM,Mar 2025,Net Profit,-10
AURUM,Jun 2025,Net Profit,-10
AURUM,Sep 2025,Net Profit,-8
AURUM,Dec 2025,Net Profit,3
AURUM,Mar 2026,Net Profit,16
AURUM,Jun 2026,Net Profit,45
AVANTEL,Jun 2023,Sales,68.95
AVANTEL,Sep 2023,Sales,54.33
AVANTEL,Dec 2023,Sales,59.33
AVANTEL,Mar 2024,Sales,41.76
AVANTEL,Jun 2024,Sales,51.76
AVANTEL,Sep 2024,Sales,77.42
AVANTEL,Dec 2024,Sales,70.68
AVANTEL,Mar 2025,Sales,49.26
AVANTEL,Jun 2025,Sales,51.91
AVANTEL,Sep 2025,Sales,55.42
AVANTEL,Dec 2025,Sales,51.72
AVANTEL,Mar 2026,Sales,63.83
AVANTEL,Jun 2026,Sales,70.42
AVANTEL,Jun 2023,Net Profit,8.01
AVANTEL,Sep 2023,Net Profit,16.07
AVANTEL,Dec 2023,Net Profit,16.32
AVANTEL,Mar 2024,Net Profit,12.15
AVANTEL,Jun 2024,Net Profit,7.38
AVANTEL,Sep 2024,Net Profit,22.90
AVANTEL,Dec 2024,Net Profit,20.08
AVANTEL,Mar 2025,Net Profit,6.08
AVANTEL,Jun 2025,Net Profit,3.23
AVANTEL,Sep 2025,Net Profit,4.27
AVANTEL,Dec 2025,Net Profit,2.74
AVANTEL,Mar 2026,Net Profit,4.77
AVANTEL,Jun 2026,Net Profit,5.39
BBOX,Jun 2023,Sales,1571
BBOX,Sep 2023,Sales,1574
BBOX,Dec 2023,Sales,1655
BBOX,Mar 2024,Sales,1480
BBOX,Jun 2024,Sales,1423
BBOX,Sep 2024,Sales,1497
BBOX,Dec 2024,Sales,1502
BBOX,Mar 2025,Sales,1545
BBOX,Jun 2025,Sales,1387
BBOX,Sep 2025,Sales,1585
BBOX,Dec 2025,Sales,1660
BBOX,Mar 2026,Sales,1691
BBOX,Jun 2026,Sales,1718
BBOX,Jun 2023,Net Profit,24
BBOX,Sep 2023,Net Profit,32
BBOX,Dec 2023,Net Profit,41
BBOX,Mar 2024,Net Profit,41
BBOX,Jun 2024,Net Profit,37
BBOX,Sep 2024,Net Profit,51
BBOX,Dec 2024,Net Profit,56
BBOX,Mar 2025,Net Profit,60
BBOX,Jun 2025,Net Profit,47
BBOX,Sep 2025,Net Profit,56
BBOX,Dec 2025,Net Profit,50
BBOX,Mar 2026,Net Profit,65
BBOX,Jun 2026,Net Profit,56
BIKAJI,Jun 2023,Sales,482
BIKAJI,Sep 2023,Sales,609
BIKAJI,Dec 2023,Sales,624
BIKAJI,Mar 2024,Sales,614
BIKAJI,Jun 2024,Sales,572
BIKAJI,Sep 2024,Sales,721
BIKAJI,Dec 2024,Sales,715
BIKAJI,Mar 2025,Sales,611
BIKAJI,Jun 2025,Sales,653
BIKAJI,Sep 2025,Sales,830
BIKAJI,Dec 2025,Sales,790
BIKAJI,Mar 2026,Sales,721
BIKAJI,Jun 2026,Sales,734
BIKAJI,Jun 2023,Net Profit,41
BIKAJI,Sep 2023,Net Profit,60
BIKAJI,Dec 2023,Net Profit,46
BIKAJI,Mar 2024,Net Profit,116
BIKAJI,Jun 2024,Net Profit,58
BIKAJI,Sep 2024,Net Profit,69
BIKAJI,Dec 2024,Net Profit,28
BIKAJI,Mar 2025,Net Profit,40
BIKAJI,Jun 2025,Net Profit,59
BIKAJI,Sep 2025,Net Profit,78
BIKAJI,Dec 2025,Net Profit,62
BIKAJI,Mar 2026,Net Profit,56
BIKAJI,Jun 2026,Net Profit,59
CCAVENUE,Jun 2023,Sales,742
CCAVENUE,Sep 2023,Sales,787
CCAVENUE,Dec 2023,Sales,907
CCAVENUE,Mar 2024,Sales,716
CCAVENUE,Jun 2024,Sales,745
CCAVENUE,Sep 2024,Sales,1017
CCAVENUE,Dec 2024,Sales,1070
CCAVENUE,Mar 2025,Sales,1161
CCAVENUE,Jun 2025,Sales,1280
CCAVENUE,Sep 2025,Sales,1965
CCAVENUE,Dec 2025,Sales,2381
CCAVENUE,Mar 2026,Sales,2490
CCAVENUE,Jun 2026,Sales,2680
CCAVENUE,Jun 2023,Net Profit,25
CCAVENUE,Sep 2023,Net Profit,41
CCAVENUE,Dec 2023,Net Profit,43
CCAVENUE,Mar 2024,Net Profit,46
CCAVENUE,Jun 2024,Net Profit,69
CCAVENUE,Sep 2024,Net Profit,47
CCAVENUE,Dec 2024,Net Profit,64
CCAVENUE,Mar 2025,Net Profit,55
CCAVENUE,Jun 2025,Net Profit,58
CCAVENUE,Sep 2025,Net Profit,68
CCAVENUE,Dec 2025,Net Profit,80
CCAVENUE,Mar 2026,Net Profit,89
CCAVENUE,Jun 2026,Net Profit,85
CEATLTD,Jun 2023,Sales,2935.17
CEATLTD,Sep 2023,Sales,3053.32
CEATLTD,Dec 2023,Sales,2963.14
CEATLTD,Mar 2024,Sales,2991.85
CEATLTD,Jun 2024,Sales,3192.82
CEATLTD,Sep 2024,Sales,3304.53
CEATLTD,Dec 2024,Sales,3299.90
CEATLTD,Mar 2025,Sales,3420.62
CEATLTD,Jun 2025,Sales,3529.00
CEATLTD,Sep 2025,Sales,3772.65
CEATLTD,Dec 2025,Sales,4157.05
CEATLTD,Mar 2026,Sales,4219.00
CEATLTD,Jun 2026,Sales,4318.00
CEATLTD,Jun 2023,Net Profit,144.01
CEATLTD,Sep 2023,Net Profit,207.72
CEATLTD,Dec 2023,Net Profit,181.28
CEATLTD,Mar 2024,Net Profit,102.27
CEATLTD,Jun 2024,Net Profit,154.18
CEATLTD,Sep 2024,Net Profit,121.45
CEATLTD,Dec 2024,Net Profit,97.03
CEATLTD,Mar 2025,Net Profit,98.71
CEATLTD,Jun 2025,Net Profit,112.00
CEATLTD,Sep 2025,Net Profit,185.71
CEATLTD,Dec 2025,Net Profit,155.40
CEATLTD,Mar 2026,Net Profit,244.00
CEATLTD,Jun 2026,Net Profit,4.00
CEINSYS,Jun 2023,Sales,54
CEINSYS,Sep 2023,Sales,58
CEINSYS,Dec 2023,Sales,63
CEINSYS,Mar 2024,Sales,78
CEINSYS,Jun 2024,Sales,74
CEINSYS,Sep 2024,Sales,90
CEINSYS,Dec 2024,Sales,112
CEINSYS,Mar 2025,Sales,142
CEINSYS,Jun 2025,Sales,157
CEINSYS,Sep 2025,Sales,163
CEINSYS,Dec 2025,Sales,170
CEINSYS,Mar 2026,Sales,171
CEINSYS,Jun 2026,Sales,158
CEINSYS,Jun 2023,Net Profit,8
CEINSYS,Sep 2023,Net Profit,5
CEINSYS,Dec 2023,Net Profit,10
CEINSYS,Mar 2024,Net Profit,12
CEINSYS,Jun 2024,Net Profit,12
CEINSYS,Sep 2024,Net Profit,12
CEINSYS,Dec 2024,Net Profit,18
CEINSYS,Mar 2025,Net Profit,22
CEINSYS,Jun 2025,Net Profit,32
CEINSYS,Sep 2025,Net Profit,26
CEINSYS,Dec 2025,Net Profit,39
CEINSYS,Mar 2026,Net Profit,37
CEINSYS,Jun 2026,Net Profit,31
CRIZAC,Jun 2024,Sales,161
CRIZAC,Sep 2024,Sales,130
CRIZAC,Dec 2024,Sales,218
CRIZAC,Mar 2025,Sales,341
CRIZAC,Jun 2025,Sales,210
CRIZAC,Sep 2025,Sales,162
CRIZAC,Dec 2025,Sales,279
CRIZAC,Mar 2026,Sales,392
CRIZAC,Jun 2026,Sales,201
CRIZAC,Jun 2024,Net Profit,42
CRIZAC,Sep 2024,Net Profit,20
CRIZAC,Dec 2024,Net Profit,43
CRIZAC,Mar 2025,Net Profit,50
CRIZAC,Jun 2025,Net Profit,46
CRIZAC,Sep 2025,Net Profit,48
CRIZAC,Dec 2025,Net Profit,51
CRIZAC,Mar 2026,Net Profit,74
CRIZAC,Jun 2026,Net Profit,46
DATAMATICS,Jun 2023,Sales,391
DATAMATICS,Sep 2023,Sales,377
DATAMATICS,Dec 2023,Sales,369
DATAMATICS,Mar 2024,Sales,413
DATAMATICS,Jun 2024,Sales,394
DATAMATICS,Sep 2024,Sales,407
DATAMATICS,Dec 2024,Sales,425
DATAMATICS,Mar 2025,Sales,497
DATAMATICS,Jun 2025,Sales,468
DATAMATICS,Sep 2025,Sales,490
DATAMATICS,Dec 2025,Sales,510
DATAMATICS,Mar 2026,Sales,519
DATAMATICS,Jun 2026,Sales,514
DATAMATICS,Jun 2023,Net Profit,55
DATAMATICS,Sep 2023,Net Profit,49
DATAMATICS,Dec 2023,Net Profit,41
DATAMATICS,Mar 2024,Net Profit,52
DATAMATICS,Jun 2024,Net Profit,44
DATAMATICS,Sep 2024,Net Profit,42
DATAMATICS,Dec 2024,Net Profit,75
DATAMATICS,Mar 2025,Net Profit,45
DATAMATICS,Jun 2025,Net Profit,50
DATAMATICS,Sep 2025,Net Profit,63
DATAMATICS,Dec 2025,Net Profit,36
DATAMATICS,Mar 2026,Net Profit,45
DATAMATICS,Jun 2026,Net Profit,72
DBL,Jun 2023,Sales,2921
DBL,Sep 2023,Sales,2849
DBL,Dec 2023,Sales,2877
DBL,Mar 2024,Sales,3366
DBL,Jun 2024,Sales,3134
DBL,Sep 2024,Sales,2497
DBL,Dec 2024,Sales,2590
DBL,Mar 2025,Sales,3096
DBL,Jun 2025,Sales,2620
DBL,Sep 2025,Sales,1926
DBL,Dec 2025,Sales,2138
DBL,Mar 2026,Sales,2300
DBL,Jun 2026,Sales,2378
DBL,Jun 2023,Net Profit,12
DBL,Sep 2023,Net Profit,73
DBL,Dec 2023,Net Profit,113
DBL,Mar 2024,Net Profit,3
DBL,Jun 2024,Net Profit,140
DBL,Sep 2024,Net Profit,266
DBL,Dec 2024,Net Profit,158
DBL,Mar 2025,Net Profit,277
DBL,Jun 2025,Net Profit,271
DBL,Sep 2025,Net Profit,214
DBL,Dec 2025,Net Profit,789
DBL,Mar 2026,Net Profit,124
DBL,Jun 2026,Net Profit,128
DIAMONDYD,Mar 2020,Sales,314
DIAMONDYD,Jun 2020,Sales,196
DIAMONDYD,Sep 2020,Sales,327
DIAMONDYD,Dec 2020,Sales,339
DIAMONDYD,Mar 2021,Sales,310
DIAMONDYD,Jun 2021,Sales,280
DIAMONDYD,Sep 2021,Sales,371
DIAMONDYD,Dec 2021,Sales,385
DIAMONDYD,Mar 2022,Sales,361
DIAMONDYD,Jun 2022,Sales,383
DIAMONDYD,Sep 2022,Sales,457
DIAMONDYD,Dec 2022,Sales,426
DIAMONDYD,Mar 2023,Sales,387
DIAMONDYD,Mar 2020,Net Profit,20
DIAMONDYD,Jun 2020,Net Profit,-6
DIAMONDYD,Sep 2020,Net Profit,8
DIAMONDYD,Dec 2020,Net Profit,5
DIAMONDYD,Mar 2021,Net Profit,7
DIAMONDYD,Jun 2021,Net Profit,-2
DIAMONDYD,Sep 2021,Net Profit,15
DIAMONDYD,Dec 2021,Net Profit,-7
DIAMONDYD,Mar 2022,Net Profit,-3
DIAMONDYD,Jun 2022,Net Profit,-11
DIAMONDYD,Sep 2022,Net Profit,4
DIAMONDYD,Dec 2022,Net Profit,5
DIAMONDYD,Mar 2023,Net Profit,22
DODLA,Jun 2023,Sales,823
DODLA,Sep 2023,Sales,768
DODLA,Dec 2023,Sales,747
DODLA,Mar 2024,Sales,787
DODLA,Jun 2024,Sales,912
DODLA,Sep 2024,Sales,998
DODLA,Dec 2024,Sales,901
DODLA,Mar 2025,Sales,910
DODLA,Jun 2025,Sales,1007
DODLA,Sep 2025,Sales,1019
DODLA,Dec 2025,Sales,1025
DODLA,Mar 2026,Sales,1074
DODLA,Jun 2026,Sales,1198
DODLA,Jun 2023,Net Profit,35
DODLA,Sep 2023,Net Profit,44
DODLA,Dec 2023,Net Profit,41
DODLA,Mar 2024,Net Profit,47
DODLA,Jun 2024,Net Profit,65
DODLA,Sep 2024,Net Profit,63
DODLA,Dec 2024,Net Profit,64
DODLA,Mar 2025,Net Profit,68
DODLA,Jun 2025,Net Profit,63
DODLA,Sep 2025,Net Profit,66
DODLA,Dec 2025,Net Profit,69
DODLA,Mar 2026,Net Profit,70
DODLA,Jun 2026,Net Profit,41
DSSL,Jun 2023,Sales,296
DSSL,Sep 2023,Sales,220
DSSL,Dec 2023,Sales,227
DSSL,Mar 2024,Sales,282
DSSL,Jun 2024,Sales,321
DSSL,Sep 2024,Sales,306
DSSL,Dec 2024,Sales,311
DSSL,Mar 2025,Sales,329
DSSL,Jun 2025,Sales,329
DSSL,Sep 2025,Sales,352
DSSL,Dec 2025,Sales,341
DSSL,Mar 2026,Sales,402
DSSL,Jun 2026,Sales,314
DSSL,Jun 2023,Net Profit,14
DSSL,Sep 2023,Net Profit,13
DSSL,Dec 2023,Net Profit,13
DSSL,Mar 2024,Net Profit,14
DSSL,Jun 2024,Net Profit,18
DSSL,Sep 2024,Net Profit,18
DSSL,Dec 2024,Net Profit,18
DSSL,Mar 2025,Net Profit,18
DSSL,Jun 2025,Net Profit,20
DSSL,Sep 2025,Net Profit,23
DSSL,Dec 2025,Net Profit,24
DSSL,Mar 2026,Net Profit,19
DSSL,Jun 2026,Net Profit,20
EFCIL,Jun 2023,Sales,56
EFCIL,Sep 2023,Sales,98
EFCIL,Dec 2023,Sales,172
EFCIL,Mar 2024,Sales,93
EFCIL,Jun 2024,Sales,102
EFCIL,Sep 2024,Sales,166
EFCIL,Dec 2024,Sales,177
EFCIL,Mar 2025,Sales,211
EFCIL,Jun 2025,Sales,220
EFCIL,Sep 2025,Sales,255
EFCIL,Dec 2025,Sales,270
EFCIL,Mar 2026,Sales,293
EFCIL,Jun 2026,Sales,283
EFCIL,Jun 2023,Net Profit,3
EFCIL,Sep 2023,Net Profit,11
EFCIL,Dec 2023,Net Profit,21
EFCIL,Mar 2024,Net Profit,28
EFCIL,Jun 2024,Net Profit,16
EFCIL,Sep 2024,Net Profit,37
EFCIL,Dec 2024,Net Profit,40
EFCIL,Mar 2025,Net Profit,48
EFCIL,Jun 2025,Net Profit,47
EFCIL,Sep 2025,Net Profit,57
EFCIL,Dec 2025,Net Profit,62
EFCIL,Mar 2026,Net Profit,69
EFCIL,Jun 2026,Net Profit,71
ENTERO,Jun 2023,Sales,899
ENTERO,Sep 2023,Sales,996
ENTERO,Dec 2023,Sales,993
ENTERO,Mar 2024,Sales,1034
ENTERO,Jun 2024,Sales,1097
ENTERO,Sep 2024,Sales,1301
ENTERO,Dec 2024,Sales,1359
ENTERO,Mar 2025,Sales,1339
ENTERO,Jun 2025,Sales,1404
ENTERO,Sep 2025,Sales,1571
ENTERO,Dec 2025,Sales,1707
ENTERO,Mar 2026,Sales,1910
ENTERO,Jun 2026,Sales,1940
ENTERO,Jun 2023,Net Profit,6
ENTERO,Sep 2023,Net Profit,5
ENTERO,Dec 2023,Net Profit,7
ENTERO,Mar 2024,Net Profit,21
ENTERO,Jun 2024,Net Profit,21
ENTERO,Sep 2024,Net Profit,26
ENTERO,Dec 2024,Net Profit,29
ENTERO,Mar 2025,Net Profit,31
ENTERO,Jun 2025,Net Profit,30
ENTERO,Sep 2025,Net Profit,37
ENTERO,Dec 2025,Net Profit,34
ENTERO,Mar 2026,Net Profit,45
ENTERO,Jun 2026,Net Profit,52
ENTERO,Jun 2023,Sales,899
ENTERO,Sep 2023,Sales,996
ENTERO,Dec 2023,Sales,993
ENTERO,Mar 2024,Sales,1034
ENTERO,Jun 2024,Sales,1097
ENTERO,Sep 2024,Sales,1301
ENTERO,Dec 2024,Sales,1359
ENTERO,Mar 2025,Sales,1339
ENTERO,Jun 2025,Sales,1404
ENTERO,Sep 2025,Sales,1571
ENTERO,Dec 2025,Sales,1707
ENTERO,Mar 2026,Sales,1910
ENTERO,Jun 2026,Sales,1940
ENTERO,Jun 2023,Net Profit,6
ENTERO,Sep 2023,Net Profit,5
ENTERO,Dec 2023,Net Profit,7
ENTERO,Mar 2024,Net Profit,21
ENTERO,Jun 2024,Net Profit,21
ENTERO,Sep 2024,Net Profit,26
ENTERO,Dec 2024,Net Profit,29
ENTERO,Mar 2025,Net Profit,31
ENTERO,Jun 2025,Net Profit,30
ENTERO,Sep 2025,Net Profit,37
ENTERO,Dec 2025,Net Profit,34
ENTERO,Mar 2026,Net Profit,45
ENTERO,Jun 2026,Net Profit,52
EXCELSOFT,Sep 2024,Sales,53.81
EXCELSOFT,Dec 2024,Sales,54.87
EXCELSOFT,Mar 2025,Sales,69.92
EXCELSOFT,Jun 2025,Sales,55.72
EXCELSOFT,Sep 2025,Sales,64.61
EXCELSOFT,Dec 2025,Sales,71.03
EXCELSOFT,Mar 2026,Sales,81.16
EXCELSOFT,Jun 2026,Sales,80.26
EXCELSOFT,Sep 2024,Net Profit,8.94
EXCELSOFT,Dec 2024,Net Profit,9.56
EXCELSOFT,Mar 2025,Net Profit,20.48
EXCELSOFT,Jun 2025,Net Profit,5.87
EXCELSOFT,Sep 2025,Net Profit,10.61
EXCELSOFT,Dec 2025,Net Profit,10.30
EXCELSOFT,Mar 2026,Net Profit,16.60
EXCELSOFT,Jun 2026,Net Profit,9.23
FLAIR,Jun 2023,Sales,247
FLAIR,Sep 2023,Sales,257
FLAIR,Dec 2023,Sales,225
FLAIR,Mar 2024,Sales,250
FLAIR,Jun 2024,Sales,247
FLAIR,Sep 2024,Sales,270
FLAIR,Dec 2024,Sales,265
FLAIR,Mar 2025,Sales,298
FLAIR,Jun 2025,Sales,289
FLAIR,Sep 2025,Sales,321
FLAIR,Dec 2025,Sales,318
FLAIR,Mar 2026,Sales,323
FLAIR,Jun 2026,Sales,319
FLAIR,Jun 2023,Net Profit,32
FLAIR,Sep 2023,Net Profit,33
FLAIR,Dec 2023,Net Profit,19
FLAIR,Mar 2024,Net Profit,34
FLAIR,Jun 2024,Net Profit,26
FLAIR,Sep 2024,Net Profit,33
FLAIR,Dec 2024,Net Profit,29
FLAIR,Mar 2025,Net Profit,31
FLAIR,Jun 2025,Net Profit,29
FLAIR,Sep 2025,Net Profit,43
FLAIR,Dec 2025,Net Profit,33
FLAIR,Mar 2026,Net Profit,37
FLAIR,Jun 2026,Net Profit,29
FLAIR,Jun 2023,Sales,247
FLAIR,Sep 2023,Sales,257
FLAIR,Dec 2023,Sales,225
FLAIR,Mar 2024,Sales,250
FLAIR,Jun 2024,Sales,247
FLAIR,Sep 2024,Sales,270
FLAIR,Dec 2024,Sales,265
FLAIR,Mar 2025,Sales,298
FLAIR,Jun 2025,Sales,289
FLAIR,Sep 2025,Sales,321
FLAIR,Dec 2025,Sales,318
FLAIR,Mar 2026,Sales,323
FLAIR,Jun 2026,Sales,319
FLAIR,Jun 2023,Net Profit,32
FLAIR,Sep 2023,Net Profit,33
FLAIR,Dec 2023,Net Profit,19
FLAIR,Mar 2024,Net Profit,34
FLAIR,Jun 2024,Net Profit,26
FLAIR,Sep 2024,Net Profit,33
FLAIR,Dec 2024,Net Profit,29
FLAIR,Mar 2025,Net Profit,31
FLAIR,Jun 2025,Net Profit,29
FLAIR,Sep 2025,Net Profit,43
FLAIR,Dec 2025,Net Profit,33
FLAIR,Mar 2026,Net Profit,37
FLAIR,Jun 2026,Net Profit,29
GENESYS,Jun 2023,Sales,34.55
GENESYS,Sep 2023,Sales,33.19
GENESYS,Dec 2023,Sales,59.34
GENESYS,Mar 2024,Sales,71.17
GENESYS,Jun 2024,Sales,55.76
GENESYS,Sep 2024,Sales,72.02
GENESYS,Dec 2024,Sales,89.09
GENESYS,Mar 2025,Sales,94.16
GENESYS,Jun 2025,Sales,70.87
GENESYS,Sep 2025,Sales,76.95
GENESYS,Dec 2025,Sales,75.78
GENESYS,Mar 2026,Sales,104.22
GENESYS,Jun 2026,Sales,81.36
GENESYS,Jun 2023,Net Profit,-5.46
GENESYS,Sep 2023,Net Profit,-3.43
GENESYS,Dec 2023,Net Profit,15.73
GENESYS,Mar 2024,Net Profit,14.79
GENESYS,Jun 2024,Net Profit,5.30
GENESYS,Sep 2024,Net Profit,11.09
GENESYS,Dec 2024,Net Profit,20.71
GENESYS,Mar 2025,Net Profit,19.00
GENESYS,Jun 2025,Net Profit,6.98
GENESYS,Sep 2025,Net Profit,12.05
GENESYS,Dec 2025,Net Profit,1.05
GENESYS,Mar 2026,Net Profit,12.72
GENESYS,Jun 2026,Net Profit,5.28
GOLDIAM,Jun 2023,Sales,120
GOLDIAM,Sep 2023,Sales,133
GOLDIAM,Dec 2023,Sales,202
GOLDIAM,Mar 2024,Sales,148
GOLDIAM,Jun 2024,Sales,166
GOLDIAM,Sep 2024,Sales,137
GOLDIAM,Dec 2024,Sales,280
GOLDIAM,Mar 2025,Sales,199
GOLDIAM,Jun 2025,Sales,230
GOLDIAM,Sep 2025,Sales,193
GOLDIAM,Dec 2025,Sales,320
GOLDIAM,Mar 2026,Sales,235
GOLDIAM,Jun 2026,Sales,326
GOLDIAM,Jun 2023,Net Profit,17
GOLDIAM,Sep 2023,Net Profit,23
GOLDIAM,Dec 2023,Net Profit,32
GOLDIAM,Mar 2024,Net Profit,18
GOLDIAM,Jun 2024,Net Profit,22
GOLDIAM,Sep 2024,Net Profit,22
GOLDIAM,Dec 2024,Net Profit,50
GOLDIAM,Mar 2025,Net Profit,23
GOLDIAM,Jun 2025,Net Profit,34
GOLDIAM,Sep 2025,Net Profit,31
GOLDIAM,Dec 2025,Net Profit,68
GOLDIAM,Mar 2026,Net Profit,37
GOLDIAM,Jun 2026,Net Profit,74
GREAVESCOT,Jun 2023,Sales,568.59
GREAVESCOT,Sep 2023,Sales,726.69
GREAVESCOT,Dec 2023,Sales,665.38
GREAVESCOT,Mar 2024,Sales,672.53
GREAVESCOT,Jun 2024,Sales,639.70
GREAVESCOT,Sep 2024,Sales,705.31
GREAVESCOT,Dec 2024,Sales,750.60
GREAVESCOT,Mar 2025,Sales,822.83
GREAVESCOT,Jun 2025,Sales,745.43
GREAVESCOT,Sep 2025,Sales,815.46
GREAVESCOT,Dec 2025,Sales,875.47
GREAVESCOT,Mar 2026,Sales,1000.26
GREAVESCOT,Jun 2026,Sales,974.12
GREAVESCOT,Jun 2023,Net Profit,-24.93
GREAVESCOT,Sep 2023,Net Profit,-374.59
GREAVESCOT,Dec 2023,Net Profit,45.60
GREAVESCOT,Mar 2024,Net Profit,-13.35
GREAVESCOT,Jun 2024,Net Profit,-0.16
GREAVESCOT,Sep 2024,Net Profit,-14.33
GREAVESCOT,Dec 2024,Net Profit,6.68
GREAVESCOT,Mar 2025,Net Profit,1.53
GREAVESCOT,Jun 2025,Net Profit,20.85
GREAVESCOT,Sep 2025,Net Profit,6.32
GREAVESCOT,Dec 2025,Net Profit,5.92
GREAVESCOT,Mar 2026,Net Profit,2.20
GREAVESCOT,Jun 2026,Net Profit,6.16
GUFICBIO,Sep 2023,Sales,215
GUFICBIO,Dec 2023,Sales,202
GUFICBIO,Mar 2024,Sales,195
GUFICBIO,Jun 2024,Sales,203
GUFICBIO,Sep 2024,Sales,204
GUFICBIO,Dec 2024,Sales,208
GUFICBIO,Mar 2025,Sales,205
GUFICBIO,Jun 2025,Sales,224
GUFICBIO,Sep 2025,Sales,237
GUFICBIO,Dec 2025,Sales,231
GUFICBIO,Mar 2026,Sales,252
GUFICBIO,Jun 2026,Sales,261
GUFICBIO,Sep 2023,Net Profit,23
GUFICBIO,Dec 2023,Net Profit,22
GUFICBIO,Mar 2024,Net Profit,20
GUFICBIO,Jun 2024,Net Profit,21
GUFICBIO,Sep 2024,Net Profit,22
GUFICBIO,Dec 2024,Net Profit,19
GUFICBIO,Mar 2025,Net Profit,8
GUFICBIO,Jun 2025,Net Profit,13
GUFICBIO,Sep 2025,Net Profit,17
GUFICBIO,Dec 2025,Net Profit,12
GUFICBIO,Mar 2026,Net Profit,22
GUFICBIO,Jun 2026,Net Profit,22
GUFICBIO,Sep 2023,Sales,215
GUFICBIO,Dec 2023,Sales,202
GUFICBIO,Mar 2024,Sales,195
GUFICBIO,Jun 2024,Sales,203
GUFICBIO,Sep 2024,Sales,204
GUFICBIO,Dec 2024,Sales,208
GUFICBIO,Mar 2025,Sales,205
GUFICBIO,Jun 2025,Sales,224
GUFICBIO,Sep 2025,Sales,237
GUFICBIO,Dec 2025,Sales,231
GUFICBIO,Mar 2026,Sales,252
GUFICBIO,Jun 2026,Sales,261
GUFICBIO,Sep 2023,Net Profit,23
GUFICBIO,Dec 2023,Net Profit,22
GUFICBIO,Mar 2024,Net Profit,20
GUFICBIO,Jun 2024,Net Profit,21
GUFICBIO,Sep 2024,Net Profit,22
GUFICBIO,Dec 2024,Net Profit,19
GUFICBIO,Mar 2025,Net Profit,8
GUFICBIO,Jun 2025,Net Profit,13
GUFICBIO,Sep 2025,Net Profit,17
GUFICBIO,Dec 2025,Net Profit,12
GUFICBIO,Mar 2026,Net Profit,22
GUFICBIO,Jun 2026,Net Profit,22
HARIOMPIPE,Mar 2024,Sales,331
HARIOMPIPE,Jun 2024,Sales,343
HARIOMPIPE,Sep 2024,Sales,314
HARIOMPIPE,Dec 2024,Sales,300
HARIOMPIPE,Mar 2025,Sales,400
HARIOMPIPE,Jun 2025,Sales,461
HARIOMPIPE,Sep 2025,Sales,336
HARIOMPIPE,Dec 2025,Sales,363
HARIOMPIPE,Mar 2026,Sales,507
HARIOMPIPE,Jun 2026,Sales,429
HARIOMPIPE,Mar 2024,Net Profit,17
HARIOMPIPE,Jun 2024,Net Profit,18
HARIOMPIPE,Sep 2024,Net Profit,16
HARIOMPIPE,Dec 2024,Net Profit,11
HARIOMPIPE,Mar 2025,Net Profit,17
HARIOMPIPE,Jun 2025,Net Profit,24
HARIOMPIPE,Sep 2025,Net Profit,10
HARIOMPIPE,Dec 2025,Net Profit,12
HARIOMPIPE,Mar 2026,Net Profit,30
HARIOMPIPE,Jun 2026,Net Profit,17
HCG,Jun 2023,Sales,461
HCG,Sep 2023,Sales,487
HCG,Dec 2023,Sales,470
HCG,Mar 2024,Sales,495
HCG,Jun 2024,Sales,526
HCG,Sep 2024,Sales,554
HCG,Dec 2024,Sales,559
HCG,Mar 2025,Sales,585
HCG,Jun 2025,Sales,613
HCG,Sep 2025,Sales,647
HCG,Dec 2025,Sales,633
HCG,Mar 2026,Sales,652
HCG,Jun 2026,Sales,695
HCG,Jun 2023,Net Profit,4
HCG,Sep 2023,Net Profit,11
HCG,Dec 2023,Net Profit,3
HCG,Mar 2024,Net Profit,23
HCG,Jun 2024,Net Profit,14
HCG,Sep 2024,Net Profit,21
HCG,Dec 2024,Net Profit,8
HCG,Mar 2025,Net Profit,7
HCG,Jun 2025,Net Profit,6
HCG,Sep 2025,Net Profit,21
HCG,Dec 2025,Net Profit,-8
HCG,Mar 2026,Net Profit,4
HCG,Jun 2026,Net Profit,16
HEG,Jun 2023,Sales,671
HEG,Sep 2023,Sales,614
HEG,Dec 2023,Sales,562
HEG,Mar 2024,Sales,547
HEG,Jun 2024,Sales,571
HEG,Sep 2024,Sales,568
HEG,Dec 2024,Sales,478
HEG,Mar 2025,Sales,537
HEG,Jun 2025,Sales,613
HEG,Sep 2025,Sales,699
HEG,Dec 2025,Sales,656
HEG,Mar 2026,Sales,603
HEG,Jun 2026,Sales,681
HEG,Jun 2023,Net Profit,139
HEG,Sep 2023,Net Profit,96
HEG,Dec 2023,Net Profit,44
HEG,Mar 2024,Net Profit,33
HEG,Jun 2024,Net Profit,23
HEG,Sep 2024,Net Profit,82
HEG,Dec 2024,Net Profit,83
HEG,Mar 2025,Net Profit,-74
HEG,Jun 2025,Net Profit,105
HEG,Sep 2025,Net Profit,143
HEG,Dec 2025,Net Profit,207
HEG,Mar 2026,Net Profit,-114
HEG,Jun 2026,Net Profit,122
HGINFRA,Jun 2023,Sales,1351
HGINFRA,Sep 2023,Sales,955
HGINFRA,Dec 2023,Sales,1365
HGINFRA,Mar 2024,Sales,1708
HGINFRA,Jun 2024,Sales,1528
HGINFRA,Sep 2024,Sales,902
HGINFRA,Dec 2024,Sales,1265
HGINFRA,Mar 2025,Sales,1361
HGINFRA,Jun 2025,Sales,1482
HGINFRA,Sep 2025,Sales,904
HGINFRA,Dec 2025,Sales,1421
HGINFRA,Mar 2026,Sales,1427
HGINFRA,Jun 2026,Sales,1101
HGINFRA,Jun 2023,Net Profit,150
HGINFRA,Sep 2023,Net Profit,96
HGINFRA,Dec 2023,Net Profit,102
HGINFRA,Mar 2024,Net Profit,190
HGINFRA,Jun 2024,Net Profit,163
HGINFRA,Sep 2024,Net Profit,81
HGINFRA,Dec 2024,Net Profit,115
HGINFRA,Mar 2025,Net Profit,147
HGINFRA,Jun 2025,Net Profit,99
HGINFRA,Sep 2025,Net Profit,52
HGINFRA,Dec 2025,Net Profit,94
HGINFRA,Mar 2026,Net Profit,85
HGINFRA,Jun 2026,Net Profit,-45
HITECH,Jun 2023,Sales,642
HITECH,Sep 2023,Sales,746
HITECH,Dec 2023,Sales,630
HITECH,Mar 2024,Sales,681
HITECH,Jun 2024,Sales,867
HITECH,Sep 2024,Sales,706
HITECH,Dec 2024,Sales,761
HITECH,Mar 2025,Sales,734
HITECH,Jun 2025,Sales,791
HITECH,Sep 2025,Sales,859
HITECH,Dec 2025,Sales,1070
HITECH,Mar 2026,Sales,1480
HITECH,Jun 2026,Sales,1413
HITECH,Jun 2023,Net Profit,8
HITECH,Sep 2023,Net Profit,11
HITECH,Dec 2023,Net Profit,14
HITECH,Mar 2024,Net Profit,11
HITECH,Jun 2024,Net Profit,18
HITECH,Sep 2024,Net Profit,18
HITECH,Dec 2024,Net Profit,19
HITECH,Mar 2025,Net Profit,18
HITECH,Jun 2025,Net Profit,21
HITECH,Sep 2025,Net Profit,20
HITECH,Dec 2025,Net Profit,17
HITECH,Mar 2026,Net Profit,18
HITECH,Jun 2026,Net Profit,20
HLEGLAS,Jun 2023,Sales,197.19
HLEGLAS,Sep 2023,Sales,224.42
HLEGLAS,Dec 2023,Sales,239.23
HLEGLAS,Mar 2024,Sales,306.90
HLEGLAS,Jun 2024,Sales,227.07
HLEGLAS,Sep 2024,Sales,235.78
HLEGLAS,Dec 2024,Sales,231.03
HLEGLAS,Mar 2025,Sales,333.71
HLEGLAS,Jun 2025,Sales,283.95
HLEGLAS,Sep 2025,Sales,350.78
HLEGLAS,Dec 2025,Sales,326.57
HLEGLAS,Mar 2026,Sales,391.69
HLEGLAS,Jun 2026,Sales,300.75
HLEGLAS,Jun 2023,Net Profit,9.29
HLEGLAS,Sep 2023,Net Profit,10.82
HLEGLAS,Dec 2023,Net Profit,5.97
HLEGLAS,Mar 2024,Net Profit,14.80
HLEGLAS,Jun 2024,Net Profit,5.42
HLEGLAS,Sep 2024,Net Profit,14.42
HLEGLAS,Dec 2024,Net Profit,10.28
HLEGLAS,Mar 2025,Net Profit,31.64
HLEGLAS,Jun 2025,Net Profit,17.86
HLEGLAS,Sep 2025,Net Profit,13.96
HLEGLAS,Dec 2025,Net Profit,4.60
HLEGLAS,Mar 2026,Net Profit,20.15
HLEGLAS,Jun 2026,Net Profit,2.05
ICRA,Jun 2023,Sales,103
ICRA,Sep 2023,Sales,105
ICRA,Dec 2023,Sales,115
ICRA,Mar 2024,Sales,124
ICRA,Jun 2024,Sales,115
ICRA,Sep 2024,Sales,126
ICRA,Dec 2024,Sales,121
ICRA,Mar 2025,Sales,136
ICRA,Jun 2025,Sales,124
ICRA,Sep 2025,Sales,137
ICRA,Dec 2025,Sales,164
ICRA,Mar 2026,Sales,175
ICRA,Jun 2026,Sales,163
ICRA,Jun 2023,Net Profit,41
ICRA,Sep 2023,Net Profit,32
ICRA,Dec 2023,Net Profit,32
ICRA,Mar 2024,Net Profit,47
ICRA,Jun 2024,Net Profit,36
ICRA,Sep 2024,Net Profit,37
ICRA,Dec 2024,Net Profit,42
ICRA,Mar 2025,Net Profit,56
ICRA,Jun 2025,Net Profit,43
ICRA,Sep 2025,Net Profit,48
ICRA,Dec 2025,Net Profit,39
ICRA,Mar 2026,Net Profit,53
ICRA,Jun 2026,Net Profit,56
IVALUE,Jun 2024,Sales,196
IVALUE,Sep 2024,Sales,217
IVALUE,Dec 2024,Sales,250
IVALUE,Mar 2025,Sales,261
IVALUE,Jun 2025,Sales,228
IVALUE,Sep 2025,Sales,329
IVALUE,Dec 2025,Sales,226
IVALUE,Mar 2026,Sales,273
IVALUE,Jun 2026,Sales,180
IVALUE,Jun 2024,Net Profit,9
IVALUE,Sep 2024,Net Profit,19
IVALUE,Dec 2024,Net Profit,19
IVALUE,Mar 2025,Net Profit,38
IVALUE,Jun 2025,Net Profit,10
IVALUE,Sep 2025,Net Profit,30
IVALUE,Dec 2025,Net Profit,16
IVALUE,Mar 2026,Net Profit,43
IVALUE,Jun 2026,Net Profit,16
IXIGO,Jun 2023,Sales,157
IXIGO,Sep 2023,Sales,164
IXIGO,Dec 2023,Sales,171
IXIGO,Mar 2024,Sales,165
IXIGO,Jun 2024,Sales,182
IXIGO,Sep 2024,Sales,206
IXIGO,Dec 2024,Sales,242
IXIGO,Mar 2025,Sales,284
IXIGO,Jun 2025,Sales,316
IXIGO,Sep 2025,Sales,283
IXIGO,Dec 2025,Sales,320
IXIGO,Mar 2026,Sales,308
IXIGO,Jun 2026,Sales,357
IXIGO,Jun 2023,Net Profit,8
IXIGO,Sep 2023,Net Profit,27
IXIGO,Dec 2023,Net Profit,31
IXIGO,Mar 2024,Net Profit,7
IXIGO,Jun 2024,Net Profit,15
IXIGO,Sep 2024,Net Profit,13
IXIGO,Dec 2024,Net Profit,16
IXIGO,Mar 2025,Net Profit,17
IXIGO,Jun 2025,Net Profit,19
IXIGO,Sep 2025,Net Profit,-3
IXIGO,Dec 2025,Net Profit,24
IXIGO,Mar 2026,Net Profit,32
IXIGO,Jun 2026,Net Profit,34
JAMNAAUTO,Jun 2023,Sales,575
JAMNAAUTO,Sep 2023,Sales,607
JAMNAAUTO,Dec 2023,Sales,604
JAMNAAUTO,Mar 2024,Sales,640
JAMNAAUTO,Jun 2024,Sales,557
JAMNAAUTO,Sep 2024,Sales,513
JAMNAAUTO,Dec 2024,Sales,562
JAMNAAUTO,Mar 2025,Sales,638
JAMNAAUTO,Jun 2025,Sales,573
JAMNAAUTO,Sep 2025,Sales,531
JAMNAAUTO,Dec 2025,Sales,668
JAMNAAUTO,Mar 2026,Sales,840
JAMNAAUTO,Jun 2026,Sales,611
JAMNAAUTO,Jun 2023,Net Profit,46
JAMNAAUTO,Sep 2023,Net Profit,50
JAMNAAUTO,Dec 2023,Net Profit,55
JAMNAAUTO,Mar 2024,Net Profit,55
JAMNAAUTO,Jun 2024,Net Profit,46
JAMNAAUTO,Sep 2024,Net Profit,40
JAMNAAUTO,Dec 2024,Net Profit,44
JAMNAAUTO,Mar 2025,Net Profit,50
JAMNAAUTO,Jun 2025,Net Profit,46
JAMNAAUTO,Sep 2025,Net Profit,40
JAMNAAUTO,Dec 2025,Net Profit,58
JAMNAAUTO,Mar 2026,Net Profit,87
JAMNAAUTO,Jun 2026,Net Profit,49
JASH,Jun 2023,Sales,64.22
JASH,Sep 2023,Sales,95.15
JASH,Dec 2023,Sales,139.13
JASH,Mar 2024,Sales,217.17
JASH,Jun 2024,Sales,114.55
JASH,Sep 2024,Sales,139.58
JASH,Dec 2024,Sales,180.68
JASH,Mar 2025,Sales,300.38
JASH,Jun 2025,Sales,127.61
JASH,Sep 2025,Sales,157.54
JASH,Dec 2025,Sales,160.50
JASH,Mar 2026,Sales,290.54
JASH,Jun 2026,Sales,149.88
JASH,Jun 2023,Net Profit,-3.37
JASH,Sep 2023,Net Profit,8.54
JASH,Dec 2023,Net Profit,22.64
JASH,Mar 2024,Net Profit,38.95
JASH,Jun 2024,Net Profit,0.08
JASH,Sep 2024,Net Profit,16.14
JASH,Dec 2024,Net Profit,34.80
JASH,Mar 2025,Net Profit,35.75
JASH,Jun 2025,Net Profit,-5.17
JASH,Sep 2025,Net Profit,10.96
JASH,Dec 2025,Net Profit,13.06
JASH,Mar 2026,Net Profit,56.65
JASH,Jun 2026,Net Profit,5.09
JAYKAY,Jun 2023,Sales,6.95
JAYKAY,Sep 2023,Sales,8.14
JAYKAY,Dec 2023,Sales,7.54
JAYKAY,Mar 2024,Sales,30.03
JAYKAY,Jun 2024,Sales,17.14
JAYKAY,Sep 2024,Sales,30.81
JAYKAY,Dec 2024,Sales,21.73
JAYKAY,Mar 2025,Sales,10.96
JAYKAY,Jun 2025,Sales,55.45
JAYKAY,Sep 2025,Sales,63.07
JAYKAY,Dec 2025,Sales,59.97
JAYKAY,Mar 2026,Sales,61.16
JAYKAY,Jun 2026,Sales,74.57
JAYKAY,Jun 2023,Net Profit,0.75
JAYKAY,Sep 2023,Net Profit,3.24
JAYKAY,Dec 2023,Net Profit,0.72
JAYKAY,Mar 2024,Net Profit,4.89
JAYKAY,Jun 2024,Net Profit,5.03
JAYKAY,Sep 2024,Net Profit,0.51
JAYKAY,Dec 2024,Net Profit,5.39
JAYKAY,Mar 2025,Net Profit,-4.42
JAYKAY,Jun 2025,Net Profit,20.20
JAYKAY,Sep 2025,Net Profit,8.77
JAYKAY,Dec 2025,Net Profit,6.78
JAYKAY,Mar 2026,Net Profit,179.82
JAYKAY,Jun 2026,Net Profit,4.51
JKIL,Jun 2023,Sales,1131
JKIL,Sep 2023,Sales,1104
JKIL,Dec 2023,Sales,1219
JKIL,Mar 2024,Sales,1425
JKIL,Jun 2024,Sales,1282
JKIL,Sep 2024,Sales,1292
JKIL,Dec 2024,Sales,1487
JKIL,Mar 2025,Sales,1633
JKIL,Jun 2025,Sales,1484
JKIL,Sep 2025,Sales,1343
JKIL,Dec 2025,Sales,1311
JKIL,Mar 2026,Sales,1585
JKIL,Jun 2026,Sales,1511
JKIL,Jun 2023,Net Profit,73
JKIL,Sep 2023,Net Profit,73
JKIL,Dec 2023,Net Profit,83
JKIL,Mar 2024,Net Profit,102
JKIL,Jun 2024,Net Profit,87
JKIL,Sep 2024,Net Profit,90
JKIL,Dec 2024,Net Profit,100
JKIL,Mar 2025,Net Profit,114
JKIL,Jun 2025,Net Profit,103
JKIL,Sep 2025,Net Profit,91
JKIL,Dec 2025,Net Profit,83
JKIL,Mar 2026,Net Profit,110
JKIL,Jun 2026,Net Profit,97
JKLAKSHMI,Jun 2023,Sales,1730
JKLAKSHMI,Sep 2023,Sales,1575
JKLAKSHMI,Dec 2023,Sales,1703
JKLAKSHMI,Mar 2024,Sales,1781
JKLAKSHMI,Jun 2024,Sales,1564
JKLAKSHMI,Sep 2024,Sales,1234
JKLAKSHMI,Dec 2024,Sales,1497
JKLAKSHMI,Mar 2025,Sales,1898
JKLAKSHMI,Jun 2025,Sales,1741
JKLAKSHMI,Sep 2025,Sales,1532
JKLAKSHMI,Dec 2025,Sales,1588
JKLAKSHMI,Mar 2026,Sales,1902
JKLAKSHMI,Jun 2026,Sales,1905
JKLAKSHMI,Jun 2023,Net Profit,80
JKLAKSHMI,Sep 2023,Net Profit,96
JKLAKSHMI,Dec 2023,Net Profit,150
JKLAKSHMI,Mar 2024,Net Profit,162
JKLAKSHMI,Jun 2024,Net Profit,57
JKLAKSHMI,Sep 2024,Net Profit,-31
JKLAKSHMI,Dec 2024,Net Profit,75
JKLAKSHMI,Mar 2025,Net Profit,175
JKLAKSHMI,Jun 2025,Net Profit,150
JKLAKSHMI,Sep 2025,Net Profit,81
JKLAKSHMI,Dec 2025,Net Profit,57
JKLAKSHMI,Mar 2026,Net Profit,125
JKLAKSHMI,Jun 2026,Net Profit,108
JKTYRE,Jun 2023,Sales,3718
JKTYRE,Sep 2023,Sales,3898
JKTYRE,Dec 2023,Sales,3688
JKTYRE,Mar 2024,Sales,3698
JKTYRE,Jun 2024,Sales,3639
JKTYRE,Sep 2024,Sales,3622
JKTYRE,Dec 2024,Sales,3674
JKTYRE,Mar 2025,Sales,3759
JKTYRE,Jun 2025,Sales,3869
JKTYRE,Sep 2025,Sales,4011
JKTYRE,Dec 2025,Sales,4223
JKTYRE,Mar 2026,Sales,4223
JKTYRE,Jun 2026,Sales,3946
JKTYRE,Jun 2023,Net Profit,159
JKTYRE,Sep 2023,Net Profit,249
JKTYRE,Dec 2023,Net Profit,227
JKTYRE,Mar 2024,Net Profit,172
JKTYRE,Jun 2024,Net Profit,218
JKTYRE,Sep 2024,Net Profit,140
JKTYRE,Dec 2024,Net Profit,53
JKTYRE,Mar 2025,Net Profit,99
JKTYRE,Jun 2025,Net Profit,163
JKTYRE,Sep 2025,Net Profit,227
JKTYRE,Dec 2025,Net Profit,208
JKTYRE,Mar 2026,Net Profit,178
JKTYRE,Jun 2026,Net Profit,44
JLHL,Jun 2023,Sales,243
JLHL,Sep 2023,Sales,263
JLHL,Dec 2023,Sales,273
JLHL,Mar 2024,Sales,291
JLHL,Jun 2024,Sales,289
JLHL,Sep 2024,Sales,335
JLHL,Dec 2024,Sales,333
JLHL,Mar 2025,Sales,337
JLHL,Jun 2025,Sales,353
JLHL,Sep 2025,Sales,394
JLHL,Dec 2025,Sales,365
JLHL,Mar 2026,Sales,388
JLHL,Jun 2026,Sales,411
JLHL,Jun 2023,Net Profit,54
JLHL,Sep 2023,Net Profit,34
JLHL,Dec 2023,Net Profit,44
JLHL,Mar 2024,Net Profit,45
JLHL,Jun 2024,Net Profit,45
JLHL,Sep 2024,Net Profit,52
JLHL,Dec 2024,Net Profit,52
JLHL,Mar 2025,Net Profit,45
JLHL,Jun 2025,Net Profit,44
JLHL,Sep 2025,Net Profit,57
JLHL,Dec 2025,Net Profit,42
JLHL,Mar 2026,Net Profit,50
JLHL,Jun 2026,Net Profit,38
JUBLINGREA,Jun 2023,Sales,1075
JUBLINGREA,Sep 2023,Sales,1020
JUBLINGREA,Dec 2023,Sales,966
JUBLINGREA,Mar 2024,Sales,1074
JUBLINGREA,Jun 2024,Sales,1024
JUBLINGREA,Sep 2024,Sales,1045
JUBLINGREA,Dec 2024,Sales,1057
JUBLINGREA,Mar 2025,Sales,1051
JUBLINGREA,Jun 2025,Sales,1038
JUBLINGREA,Sep 2025,Sales,1121
JUBLINGREA,Dec 2025,Sales,1051
JUBLINGREA,Mar 2026,Sales,1179
JUBLINGREA,Jun 2026,Sales,1300
JUBLINGREA,Jun 2023,Net Profit,58
JUBLINGREA,Sep 2023,Net Profit,57
JUBLINGREA,Dec 2023,Net Profit,39
JUBLINGREA,Mar 2024,Net Profit,29
JUBLINGREA,Jun 2024,Net Profit,49
JUBLINGREA,Sep 2024,Net Profit,59
JUBLINGREA,Dec 2024,Net Profit,69
JUBLINGREA,Mar 2025,Net Profit,74
JUBLINGREA,Jun 2025,Net Profit,75
JUBLINGREA,Sep 2025,Net Profit,69
JUBLINGREA,Dec 2025,Net Profit,47
JUBLINGREA,Mar 2026,Net Profit,86
JUBLINGREA,Jun 2026,Net Profit,106
KIRIINDUS,Jun 2023,Sales,227
KIRIINDUS,Sep 2023,Sales,231
KIRIINDUS,Dec 2023,Sales,160
KIRIINDUS,Mar 2024,Sales,269
KIRIINDUS,Jun 2024,Sales,183
KIRIINDUS,Sep 2024,Sales,173
KIRIINDUS,Dec 2024,Sales,179
KIRIINDUS,Mar 2025,Sales,205
KIRIINDUS,Jun 2025,Sales,202
KIRIINDUS,Sep 2025,Sales,213
KIRIINDUS,Dec 2025,Sales,174
KIRIINDUS,Mar 2026,Sales,250
KIRIINDUS,Jun 2026,Sales,312
KIRIINDUS,Jun 2023,Net Profit,-3
KIRIINDUS,Sep 2023,Net Profit,19
KIRIINDUS,Dec 2023,Net Profit,135
KIRIINDUS,Mar 2024,Net Profit,-10
KIRIINDUS,Jun 2024,Net Profit,92
KIRIINDUS,Sep 2024,Net Profit,80
KIRIINDUS,Dec 2024,Net Profit,177
KIRIINDUS,Mar 2025,Net Profit,-85
KIRIINDUS,Jun 2025,Net Profit,10
KIRIINDUS,Sep 2025,Net Profit,20
KIRIINDUS,Dec 2025,Net Profit,5023
KIRIINDUS,Mar 2026,Net Profit,514
KIRIINDUS,Jun 2026,Net Profit,291
KIRLOSBROS,Jun 2023,Sales,900
KIRLOSBROS,Sep 2023,Sales,913
KIRLOSBROS,Dec 2023,Sales,965
KIRLOSBROS,Mar 2024,Sales,1224
KIRLOSBROS,Jun 2024,Sales,1031
KIRLOSBROS,Sep 2024,Sales,1036
KIRLOSBROS,Dec 2024,Sales,1144
KIRLOSBROS,Mar 2025,Sales,1281
KIRLOSBROS,Jun 2025,Sales,979
KIRLOSBROS,Sep 2025,Sales,1028
KIRLOSBROS,Dec 2025,Sales,1116
KIRLOSBROS,Mar 2026,Sales,1415
KIRLOSBROS,Jun 2026,Sales,1105
KIRLOSBROS,Jun 2023,Net Profit,64
KIRLOSBROS,Sep 2023,Net Profit,51
KIRLOSBROS,Dec 2023,Net Profit,82
KIRLOSBROS,Mar 2024,Net Profit,153
KIRLOSBROS,Jun 2024,Net Profit,66
KIRLOSBROS,Sep 2024,Net Profit,97
KIRLOSBROS,Dec 2024,Net Profit,118
KIRLOSBROS,Mar 2025,Net Profit,138
KIRLOSBROS,Jun 2025,Net Profit,68
KIRLOSBROS,Sep 2025,Net Profit,72
KIRLOSBROS,Dec 2025,Net Profit,125
KIRLOSBROS,Mar 2026,Net Profit,112
KIRLOSBROS,Jun 2026,Net Profit,68
KIRLPNU,Mar 2014,Sales,138
KIRLPNU,Dec 2014,Sales,102
KIRLPNU,Mar 2015,Sales,178
KIRLPNU,Dec 2015,Sales,104
KIRLPNU,Mar 2016,Sales,184
KIRLPNU,Jun 2024,Sales,275
KIRLPNU,Dec 2024,Sales,343
KIRLPNU,Mar 2025,Sales,592
KIRLPNU,Jun 2025,Sales,282
KIRLPNU,Sep 2025,Sales,386
KIRLPNU,Dec 2025,Sales,407
KIRLPNU,Mar 2026,Sales,712
KIRLPNU,Jun 2026,Sales,303
KIRLPNU,Mar 2014,Net Profit,14
KIRLPNU,Dec 2014,Net Profit,3
KIRLPNU,Mar 2015,Net Profit,21
KIRLPNU,Dec 2015,Net Profit,5
KIRLPNU,Mar 2016,Net Profit,21
KIRLPNU,Jun 2024,Net Profit,27
KIRLPNU,Dec 2024,Net Profit,37
KIRLPNU,Mar 2025,Net Profit,80
KIRLPNU,Jun 2025,Net Profit,25
KIRLPNU,Sep 2025,Net Profit,44
KIRLPNU,Dec 2025,Net Profit,42
KIRLPNU,Mar 2026,Net Profit,144
KIRLPNU,Jun 2026,Net Profit,33
KOLTEPATIL,Jun 2023,Sales,571
KOLTEPATIL,Sep 2023,Sales,198
KOLTEPATIL,Dec 2023,Sales,76
KOLTEPATIL,Mar 2024,Sales,526
KOLTEPATIL,Jun 2024,Sales,341
KOLTEPATIL,Sep 2024,Sales,308
KOLTEPATIL,Dec 2024,Sales,350
KOLTEPATIL,Mar 2025,Sales,719
KOLTEPATIL,Jun 2025,Sales,82
KOLTEPATIL,Sep 2025,Sales,139
KOLTEPATIL,Dec 2025,Sales,265
KOLTEPATIL,Mar 2026,Sales,249
KOLTEPATIL,Jun 2026,Sales,920
KOLTEPATIL,Jun 2023,Net Profit,48
KOLTEPATIL,Sep 2023,Net Profit,-26
KOLTEPATIL,Dec 2023,Net Profit,-63
KOLTEPATIL,Mar 2024,Net Profit,-26
KOLTEPATIL,Jun 2024,Net Profit,6
KOLTEPATIL,Sep 2024,Net Profit,10
KOLTEPATIL,Dec 2024,Net Profit,26
KOLTEPATIL,Mar 2025,Net Profit,66
KOLTEPATIL,Jun 2025,Net Profit,-17
KOLTEPATIL,Sep 2025,Net Profit,-11
KOLTEPATIL,Dec 2025,Net Profit,4
KOLTEPATIL,Mar 2026,Net Profit,-15
KOLTEPATIL,Jun 2026,Net Profit,147
KRSNAA,Jun 2023,Sales,140
KRSNAA,Sep 2023,Sales,155
KRSNAA,Dec 2023,Sales,158
KRSNAA,Mar 2024,Sales,166
KRSNAA,Jun 2024,Sales,170
KRSNAA,Sep 2024,Sales,186
KRSNAA,Dec 2024,Sales,175
KRSNAA,Mar 2025,Sales,186
KRSNAA,Jun 2025,Sales,193
KRSNAA,Sep 2025,Sales,206
KRSNAA,Dec 2025,Sales,181
KRSNAA,Mar 2026,Sales,193
KRSNAA,Jun 2026,Sales,236
KRSNAA,Jun 2023,Net Profit,15
KRSNAA,Sep 2023,Net Profit,10
KRSNAA,Dec 2023,Net Profit,13
KRSNAA,Mar 2024,Net Profit,19
KRSNAA,Jun 2024,Net Profit,18
KRSNAA,Sep 2024,Net Profit,20
KRSNAA,Dec 2024,Net Profit,19
KRSNAA,Mar 2025,Net Profit,21
KRSNAA,Jun 2025,Net Profit,21
KRSNAA,Sep 2025,Net Profit,24
KRSNAA,Dec 2025,Net Profit,15
KRSNAA,Mar 2026,Net Profit,42
KRSNAA,Jun 2026,Net Profit,17
LEMONTREE,Jun 2023,Sales,224
LEMONTREE,Sep 2023,Sales,227
LEMONTREE,Dec 2023,Sales,290
LEMONTREE,Mar 2024,Sales,327
LEMONTREE,Jun 2024,Sales,268
LEMONTREE,Sep 2024,Sales,284
LEMONTREE,Dec 2024,Sales,355
LEMONTREE,Mar 2025,Sales,379
LEMONTREE,Jun 2025,Sales,316
LEMONTREE,Sep 2025,Sales,306
LEMONTREE,Dec 2025,Sales,406
LEMONTREE,Mar 2026,Sales,416
LEMONTREE,Jun 2026,Sales,345
LEMONTREE,Jun 2023,Net Profit,28
LEMONTREE,Sep 2023,Net Profit,26
LEMONTREE,Dec 2023,Net Profit,44
LEMONTREE,Mar 2024,Net Profit,84
LEMONTREE,Jun 2024,Net Profit,20
LEMONTREE,Sep 2024,Net Profit,35
LEMONTREE,Dec 2024,Net Profit,80
LEMONTREE,Mar 2025,Net Profit,108
LEMONTREE,Jun 2025,Net Profit,48
LEMONTREE,Sep 2025,Net Profit,42
LEMONTREE,Dec 2025,Net Profit,82
LEMONTREE,Mar 2026,Net Profit,116
LEMONTREE,Jun 2026,Net Profit,57
LXCHEM,Jun 2023,Sales,729
LXCHEM,Sep 2023,Sales,652
LXCHEM,Dec 2023,Sales,694
LXCHEM,Mar 2024,Sales,792
LXCHEM,Jun 2024,Sales,718
LXCHEM,Sep 2024,Sales,771
LXCHEM,Dec 2024,Sales,786
LXCHEM,Mar 2025,Sales,710
LXCHEM,Jun 2025,Sales,693
LXCHEM,Sep 2025,Sales,700
LXCHEM,Dec 2025,Sales,719
LXCHEM,Mar 2026,Sales,735
LXCHEM,Jun 2026,Sales,968
LXCHEM,Jun 2023,Net Profit,38
LXCHEM,Sep 2023,Net Profit,11
LXCHEM,Dec 2023,Net Profit,27
LXCHEM,Mar 2024,Net Profit,44
LXCHEM,Jun 2024,Net Profit,34
LXCHEM,Sep 2024,Net Profit,28
LXCHEM,Dec 2024,Net Profit,29
LXCHEM,Mar 2025,Net Profit,22
LXCHEM,Jun 2025,Net Profit,21
LXCHEM,Sep 2025,Net Profit,11
LXCHEM,Dec 2025,Net Profit,25
LXCHEM,Mar 2026,Net Profit,22
LXCHEM,Jun 2026,Net Profit,68
MAHSEAMLES,Jun 2023,Sales,1223
MAHSEAMLES,Sep 2023,Sales,1535
MAHSEAMLES,Dec 2023,Sales,1431
MAHSEAMLES,Mar 2024,Sales,1215
MAHSEAMLES,Jun 2024,Sales,1151
MAHSEAMLES,Sep 2024,Sales,1292
MAHSEAMLES,Dec 2024,Sales,1408
MAHSEAMLES,Mar 2025,Sales,1418
MAHSEAMLES,Jun 2025,Sales,1145
MAHSEAMLES,Sep 2025,Sales,1159
MAHSEAMLES,Dec 2025,Sales,1090
MAHSEAMLES,Mar 2026,Sales,1280
MAHSEAMLES,Jun 2026,Sales,1091
MAHSEAMLES,Jun 2023,Net Profit,207
MAHSEAMLES,Sep 2023,Net Profit,251
MAHSEAMLES,Dec 2023,Net Profit,276
MAHSEAMLES,Mar 2024,Net Profit,218
MAHSEAMLES,Jun 2024,Net Profit,129
MAHSEAMLES,Sep 2024,Net Profit,220
MAHSEAMLES,Dec 2024,Net Profit,186
MAHSEAMLES,Mar 2025,Net Profit,242
MAHSEAMLES,Jun 2025,Net Profit,230
MAHSEAMLES,Sep 2025,Net Profit,125
MAHSEAMLES,Dec 2025,Net Profit,243
MAHSEAMLES,Mar 2026,Net Profit,103
MAHSEAMLES,Jun 2026,Net Profit,266
MARSONS,Dec 2018,Sales,0.00
MARSONS,Mar 2019,Sales,0.00
MARSONS,Dec 2023,Sales,0.65
MARSONS,Mar 2024,Sales,3.77
MARSONS,Jun 2024,Sales,29.88
MARSONS,Sep 2024,Sales,38.51
MARSONS,Dec 2024,Sales,44.17
MARSONS,Mar 2025,Sales,55.80
MARSONS,Jun 2025,Sales,47.03
MARSONS,Sep 2025,Sales,59.80
MARSONS,Dec 2025,Sales,45.94
MARSONS,Mar 2026,Sales,92.65
MARSONS,Jun 2026,Sales,49.26
MARSONS,Dec 2018,Net Profit,0.79
MARSONS,Mar 2019,Net Profit,0.30
MARSONS,Dec 2023,Net Profit,0.15
MARSONS,Mar 2024,Net Profit,0.45
MARSONS,Jun 2024,Net Profit,5.24
MARSONS,Sep 2024,Net Profit,7.47
MARSONS,Dec 2024,Net Profit,6.32
MARSONS,Mar 2025,Net Profit,8.99
MARSONS,Jun 2025,Net Profit,8.03
MARSONS,Sep 2025,Net Profit,9.20
MARSONS,Dec 2025,Net Profit,6.48
MARSONS,Mar 2026,Net Profit,22.62
MARSONS,Jun 2026,Net Profit,5.93
MOL,Jun 2023,Sales,426
MOL,Sep 2023,Sales,379
MOL,Dec 2023,Sales,352
MOL,Mar 2024,Sales,410
MOL,Jun 2024,Sales,414
MOL,Sep 2024,Sales,544
MOL,Dec 2024,Sales,569
MOL,Mar 2025,Sales,553
MOL,Jun 2025,Sales,614
MOL,Sep 2025,Sales,577
MOL,Dec 2025,Sales,509
MOL,Mar 2026,Sales,474
MOL,Jun 2026,Sales,543
MOL,Jun 2023,Net Profit,-34
MOL,Sep 2023,Net Profit,-15
MOL,Dec 2023,Net Profit,-38
MOL,Mar 2024,Net Profit,-18
MOL,Jun 2024,Net Profit,-17
MOL,Sep 2024,Net Profit,-9
MOL,Dec 2024,Net Profit,-4
MOL,Mar 2025,Net Profit,20
MOL,Jun 2025,Net Profit,13
MOL,Sep 2025,Net Profit,12
MOL,Dec 2025,Net Profit,-4
MOL,Mar 2026,Net Profit,8
MOL,Jun 2026,Net Profit,48
MOREPENLAB,Jun 2023,Sales,401
MOREPENLAB,Sep 2023,Sales,422
MOREPENLAB,Dec 2023,Sales,445
MOREPENLAB,Mar 2024,Sales,423
MOREPENLAB,Jun 2024,Sales,455
MOREPENLAB,Sep 2024,Sales,438
MOREPENLAB,Dec 2024,Sales,453
MOREPENLAB,Mar 2025,Sales,466
MOREPENLAB,Jun 2025,Sales,425
MOREPENLAB,Sep 2025,Sales,412
MOREPENLAB,Dec 2025,Sales,484
MOREPENLAB,Mar 2026,Sales,485
MOREPENLAB,Jun 2026,Sales,570
MOREPENLAB,Jun 2023,Net Profit,15
MOREPENLAB,Sep 2023,Net Profit,21
MOREPENLAB,Dec 2023,Net Profit,32
MOREPENLAB,Mar 2024,Net Profit,29
MOREPENLAB,Jun 2024,Net Profit,36
MOREPENLAB,Sep 2024,Net Profit,35
MOREPENLAB,Dec 2024,Net Profit,27
MOREPENLAB,Mar 2025,Net Profit,20
MOREPENLAB,Jun 2025,Net Profit,11
MOREPENLAB,Sep 2025,Net Profit,41
MOREPENLAB,Dec 2025,Net Profit,28
MOREPENLAB,Mar 2026,Net Profit,16
MOREPENLAB,Jun 2026,Net Profit,56
NELCO,Jun 2023,Sales,78.80
NELCO,Sep 2023,Sales,76.65
NELCO,Dec 2023,Sales,83.24
NELCO,Mar 2024,Sales,81.61
NELCO,Jun 2024,Sales,74.08
NELCO,Sep 2024,Sales,82.55
NELCO,Dec 2024,Sales,80.72
NELCO,Mar 2025,Sales,67.52
NELCO,Jun 2025,Sales,74.79
NELCO,Sep 2025,Sales,74.33
NELCO,Dec 2025,Sales,78.30
NELCO,Mar 2026,Sales,79.18
NELCO,Jun 2026,Sales,80.03
NELCO,Jun 2023,Net Profit,5.73
NELCO,Sep 2023,Net Profit,5.69
NELCO,Dec 2023,Net Profit,6.15
NELCO,Mar 2024,Net Profit,6.10
NELCO,Jun 2024,Net Profit,4.56
NELCO,Sep 2024,Net Profit,4.10
NELCO,Dec 2024,Net Profit,4.95
NELCO,Mar 2025,Net Profit,-4.08
NELCO,Jun 2025,Net Profit,1.80
NELCO,Sep 2025,Net Profit,1.62
NELCO,Dec 2025,Net Profit,-1.19
NELCO,Mar 2026,Net Profit,1.09
NELCO,Jun 2026,Net Profit,2.34
NIITMTS,Jun 2023,Sales,382
NIITMTS,Sep 2023,Sales,382
NIITMTS,Dec 2023,Sales,391
NIITMTS,Mar 2024,Sales,398
NIITMTS,Jun 2024,Sales,407
NIITMTS,Sep 2024,Sales,397
NIITMTS,Dec 2024,Sales,419
NIITMTS,Mar 2025,Sales,430
NIITMTS,Jun 2025,Sales,451
NIITMTS,Sep 2025,Sales,476
NIITMTS,Dec 2025,Sales,500
NIITMTS,Mar 2026,Sales,525
NIITMTS,Jun 2026,Sales,565
NIITMTS,Jun 2023,Net Profit,55
NIITMTS,Sep 2023,Net Profit,47
NIITMTS,Dec 2023,Net Profit,57
NIITMTS,Mar 2024,Net Profit,54
NIITMTS,Jun 2024,Net Profit,60
NIITMTS,Sep 2024,Net Profit,57
NIITMTS,Dec 2024,Net Profit,62
NIITMTS,Mar 2025,Net Profit,49
NIITMTS,Jun 2025,Net Profit,49
NIITMTS,Sep 2025,Net Profit,47
NIITMTS,Dec 2025,Net Profit,74
NIITMTS,Mar 2026,Net Profit,77
NIITMTS,Jun 2026,Net Profit,57
PARKHOSPS,Dec 2024,Sales,348
PARKHOSPS,Mar 2025,Sales,354
PARKHOSPS,Jun 2025,Sales,399
PARKHOSPS,Sep 2025,Sales,410
PARKHOSPS,Dec 2025,Sales,410
PARKHOSPS,Mar 2026,Sales,460
PARKHOSPS,Jun 2026,Sales,476
PARKHOSPS,Dec 2024,Net Profit,46
PARKHOSPS,Mar 2025,Net Profit,52
PARKHOSPS,Jun 2025,Net Profit,66
PARKHOSPS,Sep 2025,Net Profit,79
PARKHOSPS,Dec 2025,Net Profit,53
PARKHOSPS,Mar 2026,Net Profit,77
PARKHOSPS,Jun 2026,Net Profit,89
PICCADIL,Jun 2023,Sales,219
PICCADIL,Sep 2023,Sales,114
PICCADIL,Dec 2023,Sales,178
PICCADIL,Mar 2024,Sales,269
PICCADIL,Jun 2024,Sales,196
PICCADIL,Sep 2024,Sales,185
PICCADIL,Dec 2024,Sales,182
PICCADIL,Mar 2025,Sales,255
PICCADIL,Jun 2025,Sales,214
PICCADIL,Sep 2025,Sales,212
PICCADIL,Dec 2025,Sales,276
PICCADIL,Mar 2026,Sales,335
PICCADIL,Jun 2026,Sales,251
PICCADIL,Jun 2023,Net Profit,11
PICCADIL,Sep 2023,Net Profit,11
PICCADIL,Dec 2023,Net Profit,44
PICCADIL,Mar 2024,Net Profit,43
PICCADIL,Jun 2024,Net Profit,13
PICCADIL,Sep 2024,Net Profit,25
PICCADIL,Dec 2024,Net Profit,25
PICCADIL,Mar 2025,Net Profit,40
PICCADIL,Jun 2025,Net Profit,18
PICCADIL,Sep 2025,Net Profit,27
PICCADIL,Dec 2025,Net Profit,48
PICCADIL,Mar 2026,Net Profit,45
PICCADIL,Jun 2026,Net Profit,21
PRECWIRE,Mar 2015,Sales,207.76
PRECWIRE,Dec 2015,Sales,190.05
PRECWIRE,Mar 2016,Sales,210.05
PRECWIRE,Mar 2015,Net Profit,1.90
PRECWIRE,Dec 2015,Net Profit,3.34
PRECWIRE,Mar 2016,Net Profit,4.88
PROTEAN,Jun 2023,Sales,220.41
PROTEAN,Sep 2023,Sales,235.69
PROTEAN,Dec 2023,Sales,203.86
PROTEAN,Mar 2024,Sales,222.08
PROTEAN,Jun 2024,Sales,196.54
PROTEAN,Sep 2024,Sales,219.70
PROTEAN,Dec 2024,Sales,202.31
PROTEAN,Mar 2025,Sales,222.15
PROTEAN,Jun 2025,Sales,210.84
PROTEAN,Sep 2025,Sales,250.50
PROTEAN,Dec 2025,Sales,228.87
PROTEAN,Mar 2026,Sales,307.54
PROTEAN,Jun 2026,Sales,250.96
PROTEAN,Jun 2023,Net Profit,32.21
PROTEAN,Sep 2023,Net Profit,32.78
PROTEAN,Dec 2023,Net Profit,15.23
PROTEAN,Mar 2024,Net Profit,19.29
PROTEAN,Jun 2024,Net Profit,21.09
PROTEAN,Sep 2024,Net Profit,28.04
PROTEAN,Dec 2024,Net Profit,22.93
PROTEAN,Mar 2025,Net Profit,20.40
PROTEAN,Jun 2025,Net Profit,23.85
PROTEAN,Sep 2025,Net Profit,23.86
PROTEAN,Dec 2025,Net Profit,22.50
PROTEAN,Mar 2026,Net Profit,30.38
PROTEAN,Jun 2026,Net Profit,5.86
RAINBOW,Jun 2023,Sales,287
RAINBOW,Sep 2023,Sales,333
RAINBOW,Dec 2023,Sales,336
RAINBOW,Mar 2024,Sales,341
RAINBOW,Jun 2024,Sales,330
RAINBOW,Sep 2024,Sales,417
RAINBOW,Dec 2024,Sales,398
RAINBOW,Mar 2025,Sales,370
RAINBOW,Jun 2025,Sales,353
RAINBOW,Sep 2025,Sales,445
RAINBOW,Dec 2025,Sales,445
RAINBOW,Mar 2026,Sales,460
RAINBOW,Jun 2026,Sales,470
RAINBOW,Jun 2023,Net Profit,42
RAINBOW,Sep 2023,Net Profit,63
RAINBOW,Dec 2023,Net Profit,63
RAINBOW,Mar 2024,Net Profit,51
RAINBOW,Jun 2024,Net Profit,40
RAINBOW,Sep 2024,Net Profit,79
RAINBOW,Dec 2024,Net Profit,69
RAINBOW,Mar 2025,Net Profit,57
RAINBOW,Jun 2025,Net Profit,54
RAINBOW,Sep 2025,Net Profit,76
RAINBOW,Dec 2025,Net Profit,74
RAINBOW,Mar 2026,Net Profit,78
RAINBOW,Jun 2026,Net Profit,63
RANEHOLDIN,Jun 2023,Sales,894
RANEHOLDIN,Sep 2023,Sales,928
RANEHOLDIN,Dec 2023,Sales,837
RANEHOLDIN,Mar 2024,Sales,870
RANEHOLDIN,Jun 2024,Sales,831
RANEHOLDIN,Sep 2024,Sales,916
RANEHOLDIN,Dec 2024,Sales,1241
RANEHOLDIN,Mar 2025,Sales,1374
RANEHOLDIN,Jun 2025,Sales,1341
RANEHOLDIN,Sep 2025,Sales,1399
RANEHOLDIN,Dec 2025,Sales,1535
RANEHOLDIN,Mar 2026,Sales,1609
RANEHOLDIN,Jun 2026,Sales,1587
RANEHOLDIN,Jun 2023,Net Profit,12
RANEHOLDIN,Sep 2023,Net Profit,51
RANEHOLDIN,Dec 2023,Net Profit,48
RANEHOLDIN,Mar 2024,Net Profit,38
RANEHOLDIN,Jun 2024,Net Profit,20
RANEHOLDIN,Sep 2024,Net Profit,185
RANEHOLDIN,Dec 2024,Net Profit,4
RANEHOLDIN,Mar 2025,Net Profit,12
RANEHOLDIN,Jun 2025,Net Profit,57
RANEHOLDIN,Sep 2025,Net Profit,31
RANEHOLDIN,Dec 2025,Net Profit,-40
RANEHOLDIN,Mar 2026,Net Profit,88
RANEHOLDIN,Jun 2026,Net Profit,48
RATEGAIN,Jun 2023,Sales,214
RATEGAIN,Sep 2023,Sales,235
RATEGAIN,Dec 2023,Sales,252
RATEGAIN,Mar 2024,Sales,256
RATEGAIN,Jun 2024,Sales,260
RATEGAIN,Sep 2024,Sales,277
RATEGAIN,Dec 2024,Sales,279
RATEGAIN,Mar 2025,Sales,261
RATEGAIN,Jun 2025,Sales,273
RATEGAIN,Sep 2025,Sales,295
RATEGAIN,Dec 2025,Sales,540
RATEGAIN,Mar 2026,Sales,716
RATEGAIN,Jun 2026,Sales,785
RATEGAIN,Jun 2023,Net Profit,25
RATEGAIN,Sep 2023,Net Profit,30
RATEGAIN,Dec 2023,Net Profit,40
RATEGAIN,Mar 2024,Net Profit,50
RATEGAIN,Jun 2024,Net Profit,45
RATEGAIN,Sep 2024,Net Profit,52
RATEGAIN,Dec 2024,Net Profit,57
RATEGAIN,Mar 2025,Net Profit,55
RATEGAIN,Jun 2025,Net Profit,47
RATEGAIN,Sep 2025,Net Profit,51
RATEGAIN,Dec 2025,Net Profit,26
RATEGAIN,Mar 2026,Net Profit,70
RATEGAIN,Jun 2026,Net Profit,95
RML,Jun 2023,Sales,588
RML,Sep 2023,Sales,611
RML,Dec 2023,Sales,521
RML,Mar 2024,Sales,853
RML,Jun 2024,Sales,818
RML,Sep 2024,Sales,849
RML,Dec 2024,Sales,837
RML,Mar 2025,Sales,901
RML,Jun 2025,Sales,881
RML,Sep 2025,Sales,919
RML,Dec 2025,Sales,1015
RML,Mar 2026,Sales,1048
RML,Jun 2026,Sales,1042
RML,Jun 2023,Net Profit,-14
RML,Sep 2023,Net Profit,18
RML,Dec 2023,Net Profit,9
RML,Mar 2024,Net Profit,11
RML,Jun 2024,Net Profit,15
RML,Sep 2024,Net Profit,16
RML,Dec 2024,Net Profit,0
RML,Mar 2025,Net Profit,7
RML,Jun 2025,Net Profit,19
RML,Sep 2025,Net Profit,21
RML,Dec 2025,Net Profit,31
RML,Mar 2026,Net Profit,37
RML,Jun 2026,Net Profit,30
RPGLIFE,Dec 2024,Sales,173
RPGLIFE,Mar 2025,Sales,143
RPGLIFE,Jun 2025,Sales,169
RPGLIFE,Sep 2025,Sales,182
RPGLIFE,Dec 2025,Sales,180
RPGLIFE,Mar 2026,Sales,177
RPGLIFE,Jun 2026,Sales,196
RPGLIFE,Dec 2024,Net Profit,35
RPGLIFE,Mar 2025,Net Profit,117
RPGLIFE,Jun 2025,Net Profit,26
RPGLIFE,Sep 2025,Net Profit,37
RPGLIFE,Dec 2025,Net Profit,22
RPGLIFE,Mar 2026,Net Profit,30
RPGLIFE,Jun 2026,Net Profit,31
SAMBHV,Sep 2024,Sales,316
SAMBHV,Dec 2024,Sales,369
SAMBHV,Mar 2025,Sales,495
SAMBHV,Jun 2025,Sales,559
SAMBHV,Sep 2025,Sales,580
SAMBHV,Dec 2025,Sales,589
SAMBHV,Mar 2026,Sales,685
SAMBHV,Jun 2026,Sales,732
SAMBHV,Sep 2024,Net Profit,5
SAMBHV,Dec 2024,Net Profit,11
SAMBHV,Mar 2025,Net Profit,17
SAMBHV,Jun 2025,Net Profit,34
SAMBHV,Sep 2025,Net Profit,31
SAMBHV,Dec 2025,Net Profit,24
SAMBHV,Mar 2026,Net Profit,53
SAMBHV,Jun 2026,Net Profit,57
SAMHI,Jun 2023,Sales,190
SAMHI,Sep 2023,Sales,220
SAMHI,Dec 2023,Sales,268
SAMHI,Mar 2024,Sales,279
SAMHI,Jun 2024,Sales,250
SAMHI,Sep 2024,Sales,262
SAMHI,Dec 2024,Sales,292
SAMHI,Mar 2025,Sales,319
SAMHI,Jun 2025,Sales,272
SAMHI,Sep 2025,Sales,293
SAMHI,Dec 2025,Sales,338
SAMHI,Mar 2026,Sales,345
SAMHI,Jun 2026,Sales,305
SAMHI,Jun 2023,Net Profit,-83
SAMHI,Sep 2023,Net Profit,-88
SAMHI,Dec 2023,Net Profit,-74
SAMHI,Mar 2024,Net Profit,11
SAMHI,Jun 2024,Net Profit,4
SAMHI,Sep 2024,Net Profit,13
SAMHI,Dec 2024,Net Profit,23
SAMHI,Mar 2025,Net Profit,46
SAMHI,Jun 2025,Net Profit,19
SAMHI,Sep 2025,Net Profit,100
SAMHI,Dec 2025,Net Profit,48
SAMHI,Mar 2026,Net Profit,399
SAMHI,Jun 2026,Net Profit,25
SANGHVIMOV,Mar 2023,Sales,127
SANGHVIMOV,Jun 2023,Sales,146
SANGHVIMOV,Sep 2023,Sales,140
SANGHVIMOV,Dec 2023,Sales,167
SANGHVIMOV,Jun 2024,Sales,151
SANGHVIMOV,Sep 2024,Sales,156
SANGHVIMOV,Dec 2024,Sales,208
SANGHVIMOV,Mar 2025,Sales,267
SANGHVIMOV,Jun 2025,Sales,273
SANGHVIMOV,Sep 2025,Sales,210
SANGHVIMOV,Dec 2025,Sales,236
SANGHVIMOV,Mar 2026,Sales,351
SANGHVIMOV,Jun 2026,Sales,380
SANGHVIMOV,Mar 2023,Net Profit,34
SANGHVIMOV,Jun 2023,Net Profit,42
SANGHVIMOV,Sep 2023,Net Profit,37
SANGHVIMOV,Dec 2023,Net Profit,61
SANGHVIMOV,Jun 2024,Net Profit,40
SANGHVIMOV,Sep 2024,Net Profit,29
SANGHVIMOV,Dec 2024,Net Profit,33
SANGHVIMOV,Mar 2025,Net Profit,54
SANGHVIMOV,Jun 2025,Net Profit,50
SANGHVIMOV,Sep 2025,Net Profit,36
SANGHVIMOV,Dec 2025,Net Profit,29
SANGHVIMOV,Mar 2026,Net Profit,69
SANGHVIMOV,Jun 2026,Net Profit,65
SAREGAMA,Jun 2023,Sales,163
SAREGAMA,Sep 2023,Sales,172
SAREGAMA,Dec 2023,Sales,204
SAREGAMA,Mar 2024,Sales,263
SAREGAMA,Jun 2024,Sales,205
SAREGAMA,Sep 2024,Sales,242
SAREGAMA,Dec 2024,Sales,483
SAREGAMA,Mar 2025,Sales,241
SAREGAMA,Jun 2025,Sales,207
SAREGAMA,Sep 2025,Sales,230
SAREGAMA,Dec 2025,Sales,260
SAREGAMA,Mar 2026,Sales,287
SAREGAMA,Jun 2026,Sales,264
SAREGAMA,Jun 2023,Net Profit,43
SAREGAMA,Sep 2023,Net Profit,48
SAREGAMA,Dec 2023,Net Profit,52
SAREGAMA,Mar 2024,Net Profit,54
SAREGAMA,Jun 2024,Net Profit,37
SAREGAMA,Sep 2024,Net Profit,45
SAREGAMA,Dec 2024,Net Profit,62
SAREGAMA,Mar 2025,Net Profit,60
SAREGAMA,Jun 2025,Net Profit,37
SAREGAMA,Sep 2025,Net Profit,44
SAREGAMA,Dec 2025,Net Profit,51
SAREGAMA,Mar 2026,Net Profit,74
SAREGAMA,Jun 2026,Net Profit,52
SENORES,Dec 2023,Sales,79
SENORES,Mar 2024,Sales,102
SENORES,Jun 2024,Sales,80
SENORES,Sep 2024,Sales,101
SENORES,Dec 2024,Sales,103
SENORES,Mar 2025,Sales,114
SENORES,Jun 2025,Sales,138
SENORES,Sep 2025,Sales,162
SENORES,Dec 2025,Sales,171
SENORES,Mar 2026,Sales,175
SENORES,Jun 2026,Sales,180
SENORES,Dec 2023,Net Profit,7
SENORES,Mar 2024,Net Profit,14
SENORES,Jun 2024,Net Profit,11
SENORES,Sep 2024,Net Profit,13
SENORES,Dec 2024,Net Profit,16
SENORES,Mar 2025,Net Profit,18
SENORES,Jun 2025,Net Profit,21
SENORES,Sep 2025,Net Profit,30
SENORES,Dec 2025,Net Profit,34
SENORES,Mar 2026,Net Profit,37
SENORES,Jun 2026,Net Profit,30
SETL,Dec 2023,Sales,138
SETL,Mar 2024,Sales,201
SETL,Jun 2024,Sales,142
SETL,Sep 2024,Sales,165
SETL,Dec 2024,Sales,140
SETL,Mar 2025,Sales,166
SETL,Jun 2025,Sales,173
SETL,Sep 2025,Sales,183
SETL,Dec 2025,Sales,192
SETL,Mar 2026,Sales,227
SETL,Jun 2026,Sales,248
SETL,Dec 2023,Net Profit,12
SETL,Mar 2024,Net Profit,24
SETL,Jun 2024,Net Profit,15
SETL,Sep 2024,Net Profit,21
SETL,Dec 2024,Net Profit,16
SETL,Mar 2025,Net Profit,16
SETL,Jun 2025,Net Profit,21
SETL,Sep 2025,Net Profit,20
SETL,Dec 2025,Net Profit,20
SETL,Mar 2026,Net Profit,21
SETL,Jun 2026,Net Profit,27
SGMART,Jun 2023,Sales,151
SGMART,Sep 2023,Sales,506
SGMART,Dec 2023,Sales,748
SGMART,Mar 2024,Sales,1278
SGMART,Jun 2024,Sales,1134
SGMART,Sep 2024,Sales,1793
SGMART,Dec 2024,Sales,1335
SGMART,Mar 2025,Sales,1595
SGMART,Jun 2025,Sales,1144
SGMART,Sep 2025,Sales,1704
SGMART,Dec 2025,Sales,1644
SGMART,Mar 2026,Sales,1823
SGMART,Jun 2026,Sales,1309
SGMART,Jun 2023,Net Profit,1
SGMART,Sep 2023,Net Profit,9
SGMART,Dec 2023,Net Profit,17
SGMART,Mar 2024,Net Profit,34
SGMART,Jun 2024,Net Profit,26
SGMART,Sep 2024,Net Profit,16
SGMART,Dec 2024,Net Profit,28
SGMART,Mar 2025,Net Profit,33
SGMART,Jun 2025,Net Profit,32
SGMART,Sep 2025,Net Profit,27
SGMART,Dec 2025,Net Profit,11
SGMART,Mar 2026,Net Profit,41
SGMART,Jun 2026,Net Profit,46
SHANTIGOLD,Jun 2025,Sales,293
SHANTIGOLD,Mar 2026,Sales,659
SHANTIGOLD,Jun 2026,Sales,716
SHANTIGOLD,Jun 2025,Net Profit,34
SHANTIGOLD,Mar 2026,Net Profit,52
SHANTIGOLD,Jun 2026,Net Profit,50
SHK,Jun 2023,Sales,423
SHK,Sep 2023,Sales,455
SHK,Dec 2023,Sales,472
SHK,Mar 2024,Sales,513
SHK,Jun 2024,Sales,470
SHK,Sep 2024,Sales,542
SHK,Dec 2024,Sales,543
SHK,Mar 2025,Sales,567
SHK,Jun 2025,Sales,580
SHK,Sep 2025,Sales,554
SHK,Dec 2025,Sales,584
SHK,Mar 2026,Sales,650
SHK,Jun 2026,Sales,662
SHK,Jun 2023,Net Profit,28
SHK,Sep 2023,Net Profit,30
SHK,Dec 2023,Net Profit,32
SHK,Mar 2024,Net Profit,33
SHK,Jun 2024,Net Profit,-87
SHK,Sep 2024,Net Profit,40
SHK,Dec 2024,Net Profit,18
SHK,Mar 2025,Net Profit,103
SHK,Jun 2025,Net Profit,26
SHK,Sep 2025,Net Profit,9
SHK,Dec 2025,Net Profit,33
SHK,Mar 2026,Net Profit,2
SHK,Jun 2026,Net Profit,45
SILVERTUC,Jun 2023,Sales,43
SILVERTUC,Sep 2023,Sales,52
SILVERTUC,Dec 2023,Sales,53
SILVERTUC,Mar 2024,Sales,79
SILVERTUC,Jun 2024,Sales,57
SILVERTUC,Sep 2024,Sales,75
SILVERTUC,Dec 2024,Sales,74
SILVERTUC,Mar 2025,Sales,86
SILVERTUC,Jun 2025,Sales,63
SILVERTUC,Sep 2025,Sales,86
SILVERTUC,Dec 2025,Sales,96
SILVERTUC,Mar 2026,Sales,101
SILVERTUC,Jun 2026,Sales,78
SILVERTUC,Jun 2023,Net Profit,1
SILVERTUC,Sep 2023,Net Profit,4
SILVERTUC,Dec 2023,Net Profit,5
SILVERTUC,Mar 2024,Net Profit,6
SILVERTUC,Jun 2024,Net Profit,3
SILVERTUC,Sep 2024,Net Profit,4
SILVERTUC,Dec 2024,Net Profit,5
SILVERTUC,Mar 2025,Net Profit,9
SILVERTUC,Jun 2025,Net Profit,4
SILVERTUC,Sep 2025,Net Profit,7
SILVERTUC,Dec 2025,Net Profit,11
SILVERTUC,Mar 2026,Net Profit,13
SILVERTUC,Jun 2026,Net Profit,10
SIRCA,Jun 2023,Sales,73
SIRCA,Sep 2023,Sales,84
SIRCA,Dec 2023,Sales,72
SIRCA,Mar 2024,Sales,83
SIRCA,Jun 2024,Sales,79
SIRCA,Sep 2024,Sales,105
SIRCA,Dec 2024,Sales,89
SIRCA,Mar 2025,Sales,101
SIRCA,Jun 2025,Sales,114
SIRCA,Sep 2025,Sales,131
SIRCA,Dec 2025,Sales,113
SIRCA,Mar 2026,Sales,134
SIRCA,Jun 2026,Sales,130
SIRCA,Jun 2023,Net Profit,13
SIRCA,Sep 2023,Net Profit,16
SIRCA,Dec 2023,Net Profit,11
SIRCA,Mar 2024,Net Profit,13
SIRCA,Jun 2024,Net Profit,10
SIRCA,Sep 2024,Net Profit,13
SIRCA,Dec 2024,Net Profit,11
SIRCA,Mar 2025,Net Profit,14
SIRCA,Jun 2025,Net Profit,14
SIRCA,Sep 2025,Net Profit,18
SIRCA,Dec 2025,Net Profit,15
SIRCA,Mar 2026,Net Profit,18
SIRCA,Jun 2026,Net Profit,16
SIS,Jun 2023,Sales,2977
SIS,Sep 2023,Sales,3074
SIS,Dec 2023,Sales,3073
SIS,Mar 2024,Sales,3138
SIS,Jun 2024,Sales,3130
SIS,Sep 2024,Sales,3269
SIS,Dec 2024,Sales,3362
SIS,Mar 2025,Sales,3428
SIS,Jun 2025,Sales,3548
SIS,Sep 2025,Sales,3759
SIS,Dec 2025,Sales,4185
SIS,Mar 2026,Sales,4489
SIS,Jun 2026,Sales,4604
SIS,Jun 2023,Net Profit,90
SIS,Sep 2023,Net Profit,75
SIS,Dec 2023,Net Profit,37
SIS,Mar 2024,Net Profit,-12
SIS,Jun 2024,Net Profit,64
SIS,Sep 2024,Net Profit,69
SIS,Dec 2024,Net Profit,102
SIS,Mar 2025,Net Profit,-223
SIS,Jun 2025,Net Profit,93
SIS,Sep 2025,Net Profit,81
SIS,Dec 2025,Net Profit,-138
SIS,Mar 2026,Net Profit,102
SIS,Jun 2026,Net Profit,102
SIYSIL,Jun 2023,Sales,355
SIYSIL,Sep 2023,Sales,586
SIYSIL,Dec 2023,Sales,503
SIYSIL,Mar 2024,Sales,648
SIYSIL,Jun 2024,Sales,307
SIYSIL,Sep 2024,Sales,608
SIYSIL,Dec 2024,Sales,571
SIYSIL,Mar 2025,Sales,736
SIYSIL,Jun 2025,Sales,389
SIYSIL,Sep 2025,Sales,706
SIYSIL,Dec 2025,Sales,624
SIYSIL,Mar 2026,Sales,853
SIYSIL,Jun 2026,Sales,446
SIYSIL,Jun 2023,Net Profit,10
SIYSIL,Sep 2023,Net Profit,61
SIYSIL,Dec 2023,Net Profit,44
SIYSIL,Mar 2024,Net Profit,69
SIYSIL,Jun 2024,Net Profit,12
SIYSIL,Sep 2024,Net Profit,68
SIYSIL,Dec 2024,Net Profit,45
SIYSIL,Mar 2025,Net Profit,72
SIYSIL,Jun 2025,Net Profit,5
SIYSIL,Sep 2025,Net Profit,87
SIYSIL,Dec 2025,Net Profit,42
SIYSIL,Mar 2026,Net Profit,98
SIYSIL,Jun 2026,Net Profit,11
SOBHA,Jun 2023,Sales,908
SOBHA,Sep 2023,Sales,741
SOBHA,Dec 2023,Sales,685
SOBHA,Mar 2024,Sales,763
SOBHA,Jun 2024,Sales,640
SOBHA,Sep 2024,Sales,934
SOBHA,Dec 2024,Sales,1224
SOBHA,Mar 2025,Sales,1241
SOBHA,Jun 2025,Sales,852
SOBHA,Sep 2025,Sales,1408
SOBHA,Dec 2025,Sales,943
SOBHA,Mar 2026,Sales,1988
SOBHA,Jun 2026,Sales,1278
SOBHA,Jun 2023,Net Profit,12
SOBHA,Sep 2023,Net Profit,15
SOBHA,Dec 2023,Net Profit,15
SOBHA,Mar 2024,Net Profit,7
SOBHA,Jun 2024,Net Profit,6
SOBHA,Sep 2024,Net Profit,26
SOBHA,Dec 2024,Net Profit,22
SOBHA,Mar 2025,Net Profit,41
SOBHA,Jun 2025,Net Profit,14
SOBHA,Sep 2025,Net Profit,73
SOBHA,Dec 2025,Net Profit,15
SOBHA,Mar 2026,Net Profit,92
SOBHA,Jun 2026,Net Profit,51
SOLEX,Sep 2024,Sales,131.75
SOLEX,Dec 2024,Sales,134.66
SOLEX,Mar 2025,Sales,254.40
SOLEX,Jun 2025,Sales,259.61
SOLEX,Sep 2025,Sales,155.02
SOLEX,Dec 2025,Sales,317.90
SOLEX,Mar 2026,Sales,885.53
SOLEX,Jun 2026,Sales,260.82
SOLEX,Sep 2024,Net Profit,9.08
SOLEX,Dec 2024,Net Profit,14.02
SOLEX,Mar 2025,Net Profit,15.13
SOLEX,Jun 2025,Net Profit,24.71
SOLEX,Sep 2025,Net Profit,5.79
SOLEX,Dec 2025,Net Profit,8.87
SOLEX,Mar 2026,Net Profit,58.89
SOLEX,Jun 2026,Net Profit,8.25
SOMANYCERA,Jun 2023,Sales,587
SOMANYCERA,Sep 2023,Sales,655
SOMANYCERA,Dec 2023,Sales,612
SOMANYCERA,Mar 2024,Sales,738
SOMANYCERA,Jun 2024,Sales,579
SOMANYCERA,Sep 2024,Sales,666
SOMANYCERA,Dec 2024,Sales,645
SOMANYCERA,Mar 2025,Sales,769
SOMANYCERA,Jun 2025,Sales,604
SOMANYCERA,Sep 2025,Sales,685
SOMANYCERA,Dec 2025,Sales,682
SOMANYCERA,Mar 2026,Sales,818
SOMANYCERA,Jun 2026,Sales,750
SOMANYCERA,Jun 2023,Net Profit,13
SOMANYCERA,Sep 2023,Net Profit,30
SOMANYCERA,Dec 2023,Net Profit,23
SOMANYCERA,Mar 2024,Net Profit,34
SOMANYCERA,Jun 2024,Net Profit,12
SOMANYCERA,Sep 2024,Net Profit,17
SOMANYCERA,Dec 2024,Net Profit,10
SOMANYCERA,Mar 2025,Net Profit,19
SOMANYCERA,Jun 2025,Net Profit,7
SOMANYCERA,Sep 2025,Net Profit,12
SOMANYCERA,Dec 2025,Net Profit,17
SOMANYCERA,Mar 2026,Net Profit,37
SOMANYCERA,Jun 2026,Net Profit,34
STERTOOLS,Jun 2023,Sales,220.60
STERTOOLS,Sep 2023,Sales,210.17
STERTOOLS,Dec 2023,Sales,231.95
STERTOOLS,Mar 2024,Sales,269.25
STERTOOLS,Jun 2024,Sales,281.68
STERTOOLS,Sep 2024,Sales,283.98
STERTOOLS,Dec 2024,Sales,260.88
STERTOOLS,Mar 2025,Sales,199.76
STERTOOLS,Jun 2025,Sales,192.08
STERTOOLS,Sep 2025,Sales,207.91
STERTOOLS,Dec 2025,Sales,205.85
STERTOOLS,Mar 2026,Sales,221.97
STERTOOLS,Jun 2026,Sales,214.07
STERTOOLS,Jun 2023,Net Profit,13.07
STERTOOLS,Sep 2023,Net Profit,12.46
STERTOOLS,Dec 2023,Net Profit,13.58
STERTOOLS,Mar 2024,Net Profit,16.25
STERTOOLS,Jun 2024,Net Profit,18.41
STERTOOLS,Sep 2024,Net Profit,17.47
STERTOOLS,Dec 2024,Net Profit,13.60
STERTOOLS,Mar 2025,Net Profit,8.81
STERTOOLS,Jun 2025,Net Profit,8.99
STERTOOLS,Sep 2025,Net Profit,17.19
STERTOOLS,Dec 2025,Net Profit,1.56
STERTOOLS,Mar 2026,Net Profit,1.59
STERTOOLS,Jun 2026,Net Profit,5.86
SUDARSCHEM,Jun 2023,Sales,608
SUDARSCHEM,Sep 2023,Sales,601
SUDARSCHEM,Dec 2023,Sales,566
SUDARSCHEM,Mar 2024,Sales,764
SUDARSCHEM,Jun 2024,Sales,634
SUDARSCHEM,Sep 2024,Sales,696
SUDARSCHEM,Dec 2024,Sales,666
SUDARSCHEM,Mar 2025,Sales,1349
SUDARSCHEM,Jun 2025,Sales,2507
SUDARSCHEM,Sep 2025,Sales,2387
SUDARSCHEM,Dec 2025,Sales,2103
SUDARSCHEM,Mar 2026,Sales,2790
SUDARSCHEM,Jun 2026,Sales,2642
SUDARSCHEM,Jun 2023,Net Profit,267
SUDARSCHEM,Sep 2023,Net Profit,18
SUDARSCHEM,Dec 2023,Net Profit,15
SUDARSCHEM,Mar 2024,Net Profit,58
SUDARSCHEM,Jun 2024,Net Profit,29
SUDARSCHEM,Sep 2024,Net Profit,30
SUDARSCHEM,Dec 2024,Net Profit,1
SUDARSCHEM,Mar 2025,Net Profit,0
SUDARSCHEM,Jun 2025,Net Profit,55
SUDARSCHEM,Sep 2025,Net Profit,19
SUDARSCHEM,Dec 2025,Net Profit,-116
SUDARSCHEM,Mar 2026,Net Profit,82
SUDARSCHEM,Jun 2026,Net Profit,103
SWELECTES,Jun 2023,Sales,85.05
SWELECTES,Sep 2023,Sales,48.35
SWELECTES,Dec 2023,Sales,63.54
SWELECTES,Mar 2024,Sales,75.52
SWELECTES,Jun 2024,Sales,113.84
SWELECTES,Sep 2024,Sales,197.64
SWELECTES,Dec 2024,Sales,91.38
SWELECTES,Mar 2025,Sales,218.81
SWELECTES,Jun 2025,Sales,177.22
SWELECTES,Sep 2025,Sales,138.86
SWELECTES,Dec 2025,Sales,138.63
SWELECTES,Mar 2026,Sales,202.42
SWELECTES,Jun 2026,Sales,130.77
SWELECTES,Jun 2023,Net Profit,11.55
SWELECTES,Sep 2023,Net Profit,7.31
SWELECTES,Dec 2023,Net Profit,8.22
SWELECTES,Mar 2024,Net Profit,36.02
SWELECTES,Jun 2024,Net Profit,6.59
SWELECTES,Sep 2024,Net Profit,8.99
SWELECTES,Dec 2024,Net Profit,-10.58
SWELECTES,Mar 2025,Net Profit,8.98
SWELECTES,Jun 2025,Net Profit,21.14
SWELECTES,Sep 2025,Net Profit,15.83
SWELECTES,Dec 2025,Net Profit,9.52
SWELECTES,Mar 2026,Net Profit,11.09
SWELECTES,Jun 2026,Net Profit,7.66
TANLA,Jun 2023,Sales,911
TANLA,Sep 2023,Sales,1009
TANLA,Dec 2023,Sales,1003
TANLA,Mar 2024,Sales,1006
TANLA,Jun 2024,Sales,1002
TANLA,Sep 2024,Sales,1001
TANLA,Dec 2024,Sales,1000
TANLA,Mar 2025,Sales,1024
TANLA,Jun 2025,Sales,1041
TANLA,Sep 2025,Sales,1078
TANLA,Dec 2025,Sales,1121
TANLA,Mar 2026,Sales,1178
TANLA,Jun 2026,Sales,1226
TANLA,Jun 2023,Net Profit,135
TANLA,Sep 2023,Net Profit,143
TANLA,Dec 2023,Net Profit,140
TANLA,Mar 2024,Net Profit,130
TANLA,Jun 2024,Net Profit,141
TANLA,Sep 2024,Net Profit,130
TANLA,Dec 2024,Net Profit,119
TANLA,Mar 2025,Net Profit,117
TANLA,Jun 2025,Net Profit,118
TANLA,Sep 2025,Net Profit,125
TANLA,Dec 2025,Net Profit,131
TANLA,Mar 2026,Net Profit,134
TANLA,Jun 2026,Net Profit,142
TEXRAIL,Jun 2023,Sales,657
TEXRAIL,Sep 2023,Sales,805
TEXRAIL,Dec 2023,Sales,896
TEXRAIL,Mar 2024,Sales,1145
TEXRAIL,Jun 2024,Sales,1088
TEXRAIL,Sep 2024,Sales,1346
TEXRAIL,Dec 2024,Sales,1326
TEXRAIL,Mar 2025,Sales,1346
TEXRAIL,Jun 2025,Sales,911
TEXRAIL,Sep 2025,Sales,1258
TEXRAIL,Dec 2025,Sales,1042
TEXRAIL,Mar 2026,Sales,1167
TEXRAIL,Jun 2026,Sales,757
TEXRAIL,Jun 2023,Net Profit,13
TEXRAIL,Sep 2023,Net Profit,25
TEXRAIL,Dec 2023,Net Profit,30
TEXRAIL,Mar 2024,Net Profit,45
TEXRAIL,Jun 2024,Net Profit,59
TEXRAIL,Sep 2024,Net Profit,74
TEXRAIL,Dec 2024,Net Profit,76
TEXRAIL,Mar 2025,Net Profit,39
TEXRAIL,Jun 2025,Net Profit,29
TEXRAIL,Sep 2025,Net Profit,64
TEXRAIL,Dec 2025,Net Profit,42
TEXRAIL,Mar 2026,Net Profit,58
TEXRAIL,Jun 2026,Net Profit,50
TIIL,Jun 2023,Sales,557
TIIL,Sep 2023,Sales,520
TIIL,Dec 2023,Sales,513
TIIL,Mar 2024,Sales,593
TIIL,Jun 2024,Sales,620
TIIL,Sep 2024,Sales,629
TIIL,Dec 2024,Sales,644
TIIL,Mar 2025,Sales,702
TIIL,Jun 2025,Sales,633
TIIL,Sep 2025,Sales,752
TIIL,Dec 2025,Sales,662
TIIL,Mar 2026,Sales,712
TIIL,Jun 2026,Sales,805
TIIL,Jun 2023,Net Profit,91
TIIL,Sep 2023,Net Profit,70
TIIL,Dec 2023,Net Profit,61
TIIL,Mar 2024,Net Profit,57
TIIL,Jun 2024,Net Profit,84
TIIL,Sep 2024,Net Profit,71
TIIL,Dec 2024,Net Profit,41
TIIL,Mar 2025,Net Profit,66
TIIL,Jun 2025,Net Profit,82
TIIL,Sep 2025,Net Profit,79
TIIL,Dec 2025,Net Profit,54
TIIL,Mar 2026,Net Profit,78
TIIL,Jun 2026,Net Profit,138
TINNARUBR,Jun 2023,Sales,80
TINNARUBR,Sep 2023,Sales,80
TINNARUBR,Dec 2023,Sales,93
TINNARUBR,Mar 2024,Sales,110
TINNARUBR,Jun 2024,Sales,136
TINNARUBR,Sep 2024,Sales,118
TINNARUBR,Dec 2024,Sales,123
TINNARUBR,Mar 2025,Sales,129
TINNARUBR,Jun 2025,Sales,130
TINNARUBR,Sep 2025,Sales,120
TINNARUBR,Dec 2025,Sales,139
TINNARUBR,Mar 2026,Sales,157
TINNARUBR,Jun 2026,Sales,156
TINNARUBR,Jun 2023,Net Profit,7
TINNARUBR,Sep 2023,Net Profit,8
TINNARUBR,Dec 2023,Net Profit,10
TINNARUBR,Mar 2024,Net Profit,16
TINNARUBR,Jun 2024,Net Profit,16
TINNARUBR,Sep 2024,Net Profit,12
TINNARUBR,Dec 2024,Net Profit,8
TINNARUBR,Mar 2025,Net Profit,12
TINNARUBR,Jun 2025,Net Profit,12
TINNARUBR,Sep 2025,Net Profit,12
TINNARUBR,Dec 2025,Net Profit,13
TINNARUBR,Mar 2026,Net Profit,17
TINNARUBR,Jun 2026,Net Profit,21
TRANSRAILL,Sep 2023,Sales,977
TRANSRAILL,Mar 2024,Sales,1392
TRANSRAILL,Jun 2024,Sales,916
TRANSRAILL,Sep 2024,Sales,1088
TRANSRAILL,Dec 2024,Sales,1358
TRANSRAILL,Mar 2025,Sales,1946
TRANSRAILL,Jun 2025,Sales,1660
TRANSRAILL,Sep 2025,Sales,1561
TRANSRAILL,Dec 2025,Sales,1796
TRANSRAILL,Mar 2026,Sales,1863
TRANSRAILL,Jun 2026,Sales,1736
TRANSRAILL,Sep 2023,Net Profit,46
TRANSRAILL,Mar 2024,Net Profit,100
TRANSRAILL,Jun 2024,Net Profit,52
TRANSRAILL,Sep 2024,Net Profit,55
TRANSRAILL,Dec 2024,Net Profit,93
TRANSRAILL,Mar 2025,Net Profit,127
TRANSRAILL,Jun 2025,Net Profit,106
TRANSRAILL,Sep 2025,Net Profit,91
TRANSRAILL,Dec 2025,Net Profit,110
TRANSRAILL,Mar 2026,Net Profit,96
TRANSRAILL,Jun 2026,Net Profit,108
TRIDENT,Jun 2023,Sales,1494
TRIDENT,Sep 2023,Sales,1798
TRIDENT,Dec 2023,Sales,1835
TRIDENT,Mar 2024,Sales,1682
TRIDENT,Jun 2024,Sales,1743
TRIDENT,Sep 2024,Sales,1713
TRIDENT,Dec 2024,Sales,1667
TRIDENT,Mar 2025,Sales,1864
TRIDENT,Jun 2025,Sales,1707
TRIDENT,Sep 2025,Sales,1787
TRIDENT,Dec 2025,Sales,1574
TRIDENT,Mar 2026,Sales,1633
TRIDENT,Jun 2026,Sales,1787
TRIDENT,Jun 2023,Net Profit,91
TRIDENT,Sep 2023,Net Profit,90
TRIDENT,Dec 2023,Net Profit,109
TRIDENT,Mar 2024,Net Profit,59
TRIDENT,Jun 2024,Net Profit,74
TRIDENT,Sep 2024,Net Profit,83
TRIDENT,Dec 2024,Net Profit,80
TRIDENT,Mar 2025,Net Profit,133
TRIDENT,Jun 2025,Net Profit,140
TRIDENT,Sep 2025,Net Profit,91
TRIDENT,Dec 2025,Net Profit,44
TRIDENT,Mar 2026,Net Profit,102
TRIDENT,Jun 2026,Net Profit,158
TRIVENI,Jun 2023,Sales,1197.94
TRIVENI,Sep 2023,Sales,1408.84
TRIVENI,Dec 2023,Sales,1311.18
TRIVENI,Mar 2024,Sales,1302.13
TRIVENI,Jun 2024,Sales,1300.68
TRIVENI,Sep 2024,Sales,1490.95
TRIVENI,Dec 2024,Sales,1268.32
TRIVENI,Mar 2025,Sales,1629.29
TRIVENI,Jun 2025,Sales,1547.93
TRIVENI,Sep 2025,Sales,1706.15
TRIVENI,Dec 2025,Sales,1478.14
TRIVENI,Mar 2026,Sales,1408.18
TRIVENI,Jun 2026,Sales,1580.52
TRIVENI,Jun 2023,Net Profit,67.61
TRIVENI,Sep 2023,Net Profit,29.11
TRIVENI,Dec 2023,Net Profit,137.40
TRIVENI,Mar 2024,Net Profit,161.04
TRIVENI,Jun 2024,Net Profit,30.99
TRIVENI,Sep 2024,Net Profit,-22.42
TRIVENI,Dec 2024,Net Profit,42.57
TRIVENI,Mar 2025,Net Profit,187.12
TRIVENI,Jun 2025,Net Profit,2.10
TRIVENI,Sep 2025,Net Profit,21.38
TRIVENI,Dec 2025,Net Profit,77.78
TRIVENI,Mar 2026,Net Profit,167.45
TRIVENI,Jun 2026,Net Profit,3.65
TVSSRICHAK,Jun 2023,Sales,702
TVSSRICHAK,Sep 2023,Sales,740
TVSSRICHAK,Dec 2023,Sales,719
TVSSRICHAK,Mar 2024,Sales,765
TVSSRICHAK,Jun 2024,Sales,791
TVSSRICHAK,Sep 2024,Sales,842
TVSSRICHAK,Dec 2024,Sales,803
TVSSRICHAK,Mar 2025,Sales,818
TVSSRICHAK,Jun 2025,Sales,819
TVSSRICHAK,Sep 2025,Sales,926
TVSSRICHAK,Dec 2025,Sales,917
TVSSRICHAK,Mar 2026,Sales,981
TVSSRICHAK,Jun 2026,Sales,1068
TVSSRICHAK,Jun 2023,Net Profit,21
TVSSRICHAK,Sep 2023,Net Profit,39
TVSSRICHAK,Dec 2023,Net Profit,24
TVSSRICHAK,Mar 2024,Net Profit,24
TVSSRICHAK,Jun 2024,Net Profit,7
TVSSRICHAK,Sep 2024,Net Profit,10
TVSSRICHAK,Dec 2024,Net Profit,-6
TVSSRICHAK,Mar 2025,Net Profit,10
TVSSRICHAK,Jun 2025,Net Profit,13
TVSSRICHAK,Sep 2025,Net Profit,11
TVSSRICHAK,Dec 2025,Net Profit,11
TVSSRICHAK,Mar 2026,Net Profit,36
TVSSRICHAK,Jun 2026,Net Profit,34
UGROCAP,Dec 2025,Revenue,461
UGROCAP,Mar 2026,Revenue,607
UGROCAP,Jun 2026,Revenue,497
UGROCAP,Dec 2025,Net Profit,46
UGROCAP,Mar 2026,Net Profit,51
UGROCAP,Jun 2026,Net Profit,68
VINCOFE,Jun 2023,Sales,21
VINCOFE,Sep 2023,Sales,30
VINCOFE,Dec 2023,Sales,38
VINCOFE,Mar 2024,Sales,42
VINCOFE,Jun 2024,Sales,44
VINCOFE,Sep 2024,Sales,72
VINCOFE,Dec 2024,Sales,88
VINCOFE,Mar 2025,Sales,105
VINCOFE,Jun 2025,Sales,102
VINCOFE,Sep 2025,Sales,136
VINCOFE,Dec 2025,Sales,151
VINCOFE,Mar 2026,Sales,165
VINCOFE,Jun 2026,Sales,161
VINCOFE,Jun 2023,Net Profit,2
VINCOFE,Sep 2023,Net Profit,2
VINCOFE,Dec 2023,Net Profit,4
VINCOFE,Mar 2024,Net Profit,4
VINCOFE,Jun 2024,Net Profit,5
VINCOFE,Sep 2024,Net Profit,8
VINCOFE,Dec 2024,Net Profit,12
VINCOFE,Mar 2025,Net Profit,16
VINCOFE,Jun 2025,Net Profit,14
VINCOFE,Sep 2025,Net Profit,18
VINCOFE,Dec 2025,Net Profit,19
VINCOFE,Mar 2026,Net Profit,21
VINCOFE,Jun 2026,Net Profit,21
VOGL,Jun 2025,Sales,2311
VOGL,Mar 2026,Sales,2588
VOGL,Jun 2026,Sales,2507
VOGL,Jun 2025,Net Profit,-104
VOGL,Mar 2026,Net Profit,-479
VOGL,Jun 2026,Net Profit,945
WAAREERTL,Jun 2023,Sales,129
WAAREERTL,Sep 2023,Sales,150
WAAREERTL,Dec 2023,Sales,324
WAAREERTL,Mar 2024,Sales,273
WAAREERTL,Jun 2024,Sales,236
WAAREERTL,Sep 2024,Sales,524
WAAREERTL,Dec 2024,Sales,360
WAAREERTL,Mar 2025,Sales,477
WAAREERTL,Jun 2025,Sales,603
WAAREERTL,Sep 2025,Sales,775
WAAREERTL,Dec 2025,Sales,851
WAAREERTL,Mar 2026,Sales,1102
WAAREERTL,Jun 2026,Sales,924
WAAREERTL,Jun 2023,Net Profit,9
WAAREERTL,Sep 2023,Net Profit,21
WAAREERTL,Dec 2023,Net Profit,64
WAAREERTL,Mar 2024,Net Profit,51
WAAREERTL,Jun 2024,Net Profit,28
WAAREERTL,Sep 2024,Net Profit,54
WAAREERTL,Dec 2024,Net Profit,53
WAAREERTL,Mar 2025,Net Profit,94
WAAREERTL,Jun 2025,Net Profit,86
WAAREERTL,Sep 2025,Net Profit,116
WAAREERTL,Dec 2025,Net Profit,120
WAAREERTL,Mar 2026,Net Profit,156
WAAREERTL,Jun 2026,Net Profit,119
WABAG,Jun 2023,Sales,553
WABAG,Sep 2023,Sales,665
WABAG,Dec 2023,Sales,704
WABAG,Mar 2024,Sales,934
WABAG,Jun 2024,Sales,626
WABAG,Sep 2024,Sales,700
WABAG,Dec 2024,Sales,811
WABAG,Mar 2025,Sales,1156
WABAG,Jun 2025,Sales,734
WABAG,Sep 2025,Sales,834
WABAG,Dec 2025,Sales,961
WABAG,Mar 2026,Sales,1414
WABAG,Jun 2026,Sales,887
WABAG,Jun 2023,Net Profit,50
WABAG,Sep 2023,Net Profit,60
WABAG,Dec 2023,Net Profit,63
WABAG,Mar 2024,Net Profit,78
WABAG,Jun 2024,Net Profit,55
WABAG,Sep 2024,Net Profit,70
WABAG,Dec 2024,Net Profit,70
WABAG,Mar 2025,Net Profit,100
WABAG,Jun 2025,Net Profit,66
WABAG,Sep 2025,Net Profit,85
WABAG,Dec 2025,Net Profit,91
WABAG,Mar 2026,Net Profit,128
WABAG,Jun 2026,Net Profit,90
WELENT,Jun 2023,Sales,699
WELENT,Sep 2023,Sales,646
WELENT,Dec 2023,Sales,707
WELENT,Mar 2024,Sales,821
WELENT,Jun 2024,Sales,930
WELENT,Sep 2024,Sales,815
WELENT,Dec 2024,Sales,896
WELENT,Mar 2025,Sales,1054
WELENT,Jun 2025,Sales,845
WELENT,Sep 2025,Sales,784
WELENT,Dec 2025,Sales,787
WELENT,Mar 2026,Sales,1199
WELENT,Jun 2026,Sales,774
WELENT,Jun 2023,Net Profit,93
WELENT,Sep 2023,Net Profit,69
WELENT,Dec 2023,Net Profit,80
WELENT,Mar 2024,Net Profit,78
WELENT,Jun 2024,Net Profit,110
WELENT,Sep 2024,Net Profit,62
WELENT,Dec 2024,Net Profit,77
WELENT,Mar 2025,Net Profit,105
WELENT,Jun 2025,Net Profit,101
WELENT,Sep 2025,Net Profit,98
WELENT,Dec 2025,Net Profit,31
WELENT,Mar 2026,Net Profit,163
WELENT,Jun 2026,Net Profit,56
ZEEL,Jun 2023,Sales,1984
ZEEL,Sep 2023,Sales,2438
ZEEL,Dec 2023,Sales,2046
ZEEL,Mar 2024,Sales,2170
ZEEL,Jun 2024,Sales,2130
ZEEL,Sep 2024,Sales,2001
ZEEL,Dec 2024,Sales,1979
ZEEL,Mar 2025,Sales,2184
ZEEL,Jun 2025,Sales,1825
ZEEL,Sep 2025,Sales,1969
ZEEL,Dec 2025,Sales,2280
ZEEL,Mar 2026,Sales,2025
ZEEL,Jun 2026,Sales,1907
ZEEL,Jun 2023,Net Profit,-53
ZEEL,Sep 2023,Net Profit,123
ZEEL,Dec 2023,Net Profit,58
ZEEL,Mar 2024,Net Profit,13
ZEEL,Jun 2024,Net Profit,118
ZEEL,Sep 2024,Net Profit,209
ZEEL,Dec 2024,Net Profit,164
ZEEL,Mar 2025,Net Profit,188
ZEEL,Jun 2025,Net Profit,144
ZEEL,Sep 2025,Net Profit,76
ZEEL,Dec 2025,Net Profit,155
ZEEL,Mar 2026,Net Profit,-104
ZEEL,Jun 2026,Net Profit,74
ZUARI,Jun 2023,Sales,1205
ZUARI,Sep 2023,Sales,1649
ZUARI,Dec 2023,Sales,843
ZUARI,Mar 2024,Sales,898
ZUARI,Jun 2024,Sales,1097
ZUARI,Sep 2024,Sales,1123
ZUARI,Dec 2024,Sales,1264
ZUARI,Mar 2025,Sales,952
ZUARI,Jun 2025,Sales,1246
ZUARI,Sep 2025,Sales,1423
ZUARI,Dec 2025,Sales,344
ZUARI,Mar 2026,Sales,187
ZUARI,Jun 2026,Sales,615
ZUARI,Jun 2023,Net Profit,-2
ZUARI,Sep 2023,Net Profit,67
ZUARI,Dec 2023,Net Profit,29
ZUARI,Mar 2024,Net Profit,77
ZUARI,Jun 2024,Net Profit,29
ZUARI,Sep 2024,Net Profit,93
ZUARI,Dec 2024,Net Profit,81
ZUARI,Mar 2025,Net Profit,27
ZUARI,Jun 2025,Net Profit,127
ZUARI,Sep 2025,Net Profit,840
ZUARI,Dec 2025,Net Profit,40
ZUARI,Mar 2026,Net Profit,-25
ZUARI,Jun 2026,Net Profit,119
